id,player_id,adp,pos_rank,full_name,position,team,date
b24eb93f-72bd-4c23-bed6-807d542bab65,19818cc6-e21b-4258-9315-93cb64fb92e7,1.1,WR1,Ja'Marr Chase,WR,CIN,2025-05-05
1dad2b6f-6089-4844-8319-6f1eb23b5003,aa48a0ad-1d71-4d09-a86a-1e6e1987d911,2.4,RB1,Saquon Barkley,RB,NYG,2025-05-05
fb2b25a4-b791-4ef0-bc45-41099b503a69,d61fb310-35c9-4f90-a99c-fb4605a870f4,3.4,WR2,Justin Jefferson,WR,MIN,2025-05-05
b42031b0-6abb-4621-90c0-e3f8041f6c9d,2b0cbe83-48a2-41b0-b03f-42180cfc4b77,4.2,RB2,Bijan Robinson,RB,ATL,2025-05-05
1b76bd49-ac28-457e-96a6-4b2135c9ff73,4de8084d-aa1a-43c7-9676-0def5b39e980,4.6,WR3,CeeDee Lamb,WR,DAL,2025-05-05
0ec23474-d4b8-4dcd-9157-b6de1fb8ff84,ae8f738f-a91d-4ee1-b13c-d0228fdb5016,5.9,RB3,Jahmyr Gibbs,RB,DET,2025-05-05
827b3a04-55f4-4c0e-940f-62be3233dd15,e442b551-f8b9-42d2-bf92-677aee7e9a79,8.0,WR4,Puka Nacua,WR,LAR,2025-05-05
3ee87ad4-537e-46ac-8cf4-d2bf5f8540ed,b4d7a866-815f-40c1-8f76-7608b4ab1c01,9.9,WR6,Amon-Ra St. Brown,WR,DET,2025-05-05
13c991e1-747d-4cbd-9bdb-a5e017bdb77b,4817d915-eef0-4ff3-8a53-3652bd6ea36a,11.3,WR7,Nico Collins,WR,HOU,2025-05-05
baefa551-0611-4836-b43a-1d6c105211b7,cb7b1dc6-91ce-47b8-813c-07486371a922,12.9,RB5,Christian McCaffrey,RB,SF,2025-05-05
9b791eb1-eb3f-4216-87c5-a381fd694aff,e9fdd9a9-7652-4f39-b790-071e2839f862,15.0,RB6,Derrick Henry,RB,TEN,2025-05-05
0fd6a099-0696-4aeb-b7c8-bf3c5280db0f,fc7cba00-d4a8-4ad1-83af-a6932d777354,16.0,WR9,Drake London,WR,ATL,2025-05-05
2eb19695-162b-4d6f-970d-266b3513ddbd,dd48e78f-5a11-4056-b21e-94789a31ee6e,17.0,WR10,A.J. Brown,WR,PHI,2025-05-05
9a97b0b2-fda2-4d87-8392-50b32ea6fcd3,33072d1d-45b2-4b52-89ac-67e56923a3cd,18.4,RB7,Devon Achane,RB,MIA,2025-05-05
a93a8358-f3eb-4a07-9a85-a13a0b2427a2,8b9ad544-0e96-4b38-9b59-c293e3aadf39,21.1,RB8,Jonathan Taylor,RB,IND,2025-05-05
d6c8b5b5-c01a-43d4-84b5-cbad5e4a7f21,a4388eb5-9783-46f2-b262-43fbe0201ea3,22.1,TE2,Trey McBride,TE,ARI,2025-05-05
43973f1b-ff52-44cd-a5d1-43426587f368,67d130d9-b76e-4457-b503-f0d139d9c83d,23.3,WR12,Tee Higgins,WR,CIN,2025-05-05
d8aca1d5-8318-4ada-9cf1-18ef1b60b464,84cf37a2-d9f9-4315-a56a-c003a186023d,24.5,WR13,Tyreek Hill,WR,MIA,2025-05-05
9ecd270d-e314-466e-8cff-126385d8a9e9,3dc1b1fc-0c07-4f33-ad1b-a0d2fb83edf3,25.4,RB10,Josh Jacobs,RB,LV,2025-05-05
e92d0ab0-3f60-456a-a57f-b689b8107c7a,c2f61e40-f9fa-4050-b955-9b236bcceeed,27.1,WR14,Jaxon Smith-Njigba,WR,SEA,2025-05-05
146fb59c-b8ff-414a-86a7-3c2e612a81c0,63729550-4edb-4bb9-8a4f-2fa66c107b31,27.1,WR15,Garrett Wilson,WR,NYJ,2025-05-05
bdbd91c4-8792-4056-a4b1-dabc074aa580,ab4b11fa-c34d-4317-b4b7-bf16fcc678e3,28.6,WR17,Terry McLaurin,WR,WAS,2025-05-05
221733f8-7235-4b9e-a2cd-45dad292e33b,e8312b02-cf05-4abd-808d-33a115a6b29c,29.2,RB11,Chase Brown,RB,CIN,2025-05-05
48699f93-77e6-48ee-93cc-df880846796f,df0c7db6-0a74-4343-a31e-0b64e2d6b0ea,31.6,RB12,Kyren Williams,RB,LAR,2025-05-05
3bca74ae-aea9-4b96-9cfa-ba6320a9dca6,56c3ad41-32a6-413e-8cf0-50912b952f92,32.2,WR18,Davante Adams,WR,LV,2025-05-05
f1e0fe78-af51-4e41-9f58-a8146a69c5a9,87b71b64-5182-4dbf-a04d-10b3a68ec2a6,33.2,WR19,Rashee Rice,WR,KC,2025-05-05
0467ab97-0708-4a95-88ef-124455ac4ac1,99398db6-2ffb-42e9-bdb0-4312a399ab08,33.8,QB1,Josh Allen,QB,BUF,2025-05-05
c72e9110-c8be-4bcf-a567-d78c9f3073d1,ebed0797-4404-4df7-bb66-1192d89e13d5,35.7,WR20,Mike Evans,WR,TB,2025-05-05
c3c29d05-6c66-4726-b2b3-01f5323a8087,9edce99f-fad8-4de1-9e20-435b3d12c310,36.0,QB2,Lamar Jackson,QB,BAL,2025-05-05
0f31f57a-5461-4802-811e-f84fde65f9b5,f35e2ebd-3564-4083-b64a-0d59bedf1d9c,38.3,RB13,Breece Hall,RB,NYJ,2025-05-05
47f49002-0e7d-4f51-9a15-525ef6397fde,6d1e2e6b-00ea-4889-9db1-f6ff25eeb3f1,39.6,WR22,DJ Moore,WR,CHI,2025-05-05
cf7f210d-aa77-4481-a6ce-def8eb13c4a7,7b434d3b-e0f9-40f1-bedd-51f973c59c5f,42.8,RB15,James Cook,RB,BUF,2025-05-05
4bb0512e-9cfd-430d-9742-1fff9f043b18,9e8bc8ee-72ed-4792-acca-d2b744a0b5ba,44.7,WR25,DeVonta Smith,WR,PHI,2025-05-05
c3a3bd66-d55d-44f7-98f6-78450678fa87,991d546e-1d68-4cc6-977e-62286356f087,47.3,WR26,Jameson Williams,WR,DET,2025-05-05
655f249b-461d-426c-97c7-efc20870c660,15250a4e-0ec5-44dd-988d-3b556cbc40e9,47.5,WR27,Zay Flowers,WR,BAL,2025-05-05
a547b04a-38e6-435e-9f9d-81a34e7aac6c,3bbedd10-bec5-49ae-976b-659119ab156c,49.3,QB4,Jalen Hurts,QB,PHI,2025-05-05
08681b3b-8775-4637-84fa-e23da96e59f6,a0fa2a74-640b-4cc1-a5d8-841ab9557fe0,49.7,QB5,Joe Burrow,QB,CIN,2025-05-05
7601e2e8-add1-4c8c-b169-b63a49fdf57b,b51ef827-ba15-4a30-87f5-1a74d1bd84bf,49.9,WR28,Courtland Sutton,WR,DEN,2025-05-05
6d78912a-4699-4228-9e18-621c213202a7,8827456d-da1d-4708-92c9-135d3d426795,50.3,TE3,George Kittle,TE,SF,2025-05-05
9da4da3d-00e5-494d-9b92-dd875a92a9c1,19f3df7d-99f9-4555-8e03-a4afd3fa8c49,50.8,RB16,Joe Mixon,RB,CIN,2025-05-05
30669c4d-f918-49b2-9f5b-8bd47016d097,9fce5a42-43cc-4cf2-8732-b37153519ea6,53.5,WR29,DK Metcalf,WR,SEA,2025-05-05
2c4e3e6e-667c-44c3-8083-bfd11b1fd7a8,76bcf23d-03fe-4a55-891a-7bdef70922bc,53.5,WR30,Calvin Ridley,WR,JAX,2025-05-05
506c6382-05b9-4090-ada6-aa977ab6afca,b3574a5a-ee99-43d3-9056-0f9807dab4b2,55.9,WR31,Jaylen Waddle,WR,MIA,2025-05-05
a8c3cb2b-7728-4ee0-8f89-f218e5e0c409,a98ff9f4-f919-47e4-9f24-40c36ca9d537,56.7,RB17,Chuba Hubbard,RB,CAR,2025-05-05
411b0cfe-9139-43a5-a95c-748758368d75,32029f87-893b-4c4b-b664-80ab8fcea2fd,59.4,WR32,Jordan Addison,WR,MIN,2025-05-05
be004901-0a0f-41cd-ab83-c0d8d7ad916d,567edce8-cab2-43fc-b082-ed4a653f760d,59.6,WR33,Rome Odunze,WR,,2025-05-05
1b2c7c20-e458-454d-be39-7aaebabf1e30,463ed573-6658-435f-82a4-170352fb6887,61.6,WR34,Chris Olave,WR,NO,2025-05-05
ffbb0124-5050-4795-b305-591cb44a8490,4ccbad89-b2df-4502-9944-eedc4ec9060a,61.9,RB20,Kenneth Walker,RB,SEA,2025-05-05
d2928ec9-ae89-4894-aded-09b6602cf28e,cc542526-a1a8-4945-9780-3b7228a62322,62.8,RB21,Alvin Kamara,RB,NO,2025-05-05
d0d1514c-26e3-405f-84de-8072bc2b0fa7,87d1b639-a279-401e-95b0-098ea9d9db28,64.7,WR35,Chris Godwin,WR,TB,2025-05-05
533aaf00-6105-4dc7-9e32-ee6e0e78a66a,87a920c7-894f-465b-b39c-fe9d3cb6a9a2,65.6,WR36,Deebo Samuel,WR,SF,2025-05-05
2d542871-3989-447d-89e6-9dcfbd6894e6,189fd1e2-d3d5-49d1-a63b-4f8fcfbd3e77,65.8,WR37,Jauan Jennings,WR,SF,2025-05-05
a259e591-fec1-4185-a0b2-43a434cc9f49,df2846af-31b4-4939-b773-8b58def0fc58,67.2,TE4,Sam LaPorta,TE,DET,2025-05-05
c34084aa-c044-4695-81ee-6328f98c591c,6081005f-45de-474b-87a3-2b74cd21f9b9,67.5,WR38,Jerry Jeudy,WR,DEN,2025-05-05
c43f5ce9-2f01-49df-83cb-c198ca9c49c8,5156f6c4-c6f4-436b-8e99-c9a74919f4d0,69.4,RB23,James Conner,RB,ARI,2025-05-05
e4bcd565-12d4-4b4c-91b1-1b72541b24e2,7366cd9d-f434-4a89-b28c-f121c69f8666,71.3,RB24,David Montgomery,RB,DET,2025-05-05
6d09867d-203b-4d91-975c-128125e7cf89,d69c19b0-4c6f-448a-9690-27f4a4ed54f9,72.5,WR39,Jakobi Meyers,WR,LV,2025-05-05
e57459d1-a8ea-4e55-909d-06b378e09b02,25ea41e7-0529-48c6-ba65-7648bb7f9ed2,76.7,WR42,Stefon Diggs,WR,BUF,2025-05-05
7db4138f-109b-4b32-8c1b-cd51a4c12d1f,54411227-af25-42c9-9ac5-f740fa220777,76.9,WR43,George Pickens,WR,PIT,2025-05-05
4808cc03-7e41-4c33-974f-a1701a98324c,f1766f00-503b-4b13-a5d1-cd4347423121,79.6,QB6,Patrick Mahomes,QB,KC,2025-05-05
f234f298-dc09-48a1-8198-168a9c25c28c,6dd797af-0abf-4bb5-82ca-9447147d3e61,79.7,WR44,Jayden Reed,WR,GB,2025-05-05
55ba823b-3e25-4a1d-922d-9c622a052aaf,228a3bf6-f9f3-412c-afe0-5768c4d03c49,80.5,WR45,Khalil Shakir,WR,BUF,2025-05-05
5c510a1a-d9f3-47c5-8c7f-c9c7d0968dd5,121cdd7c-b594-425c-864a-365b5e653747,80.7,RB26,Tony Pollard,RB,DAL,2025-05-05
7eba46a1-1484-4352-b7f8-480163694c25,6e7a3b66-27e6-4eb1-87c4-731522d32ef6,81.1,WR46,Brandon Aiyuk,WR,SF,2025-05-05
f50101bc-fbfa-4a82-a625-c11c479cfbe8,daefbcd5-dfac-49ac-83d7-2a9e6ec03545,82.7,RB27,Aaron Jones,RB,GB,2025-05-05
94224657-62c9-4238-86f2-ba2c07ce0e4b,81ab025b-6000-4620-b4a8-db6c18b98a7c,83.0,RB28,D'Andre Swift,RB,PHI,2025-05-05
4ddaf397-6424-4910-b9ec-49aef1d2b69a,660a9e72-4fc7-442d-ba62-257dbab39568,85.6,TE5,T.J. Hockenson,TE,MIN,2025-05-05
12a4ad78-4491-4aa3-8373-0fa48356c7f7,4f5a3c90-9e4f-49b7-b126-a99d0eb90286,87.8,QB7,Baker Mayfield,QB,TB,2025-05-05
c0c80e9d-fe68-441d-90d4-b5828752b9c7,c5719ef0-3dcc-4740-84af-ef600d160bd9,88.0,WR48,Cooper Kupp,WR,LAR,2025-05-05
eefaafc6-b10a-4794-a6dc-4233a1c2263f,274d03dc-35b3-4163-b7a7-1088b19b84cf,90.9,WR49,Darnell Mooney,WR,CHI,2025-05-05
d163492c-f926-4cb9-96fc-b93759e92541,63374c3e-26cc-4d22-a77a-e29b8f5b2f4a,91.0,RB29,Brian Robinson,RB,WAS,2025-05-05
017dad8b-5da7-4e17-a567-10e147fbb7c7,ede3a669-4285-4d9f-b606-c2fe3979e90b,94.5,QB9,Kyler Murray,QB,ARI,2025-05-05
467dd20b-81e4-42a3-837a-ed937702925e,131ac51c-0a71-4843-980c-1772cc069a3c,95.8,RB30,Isiah Pacheco,RB,KC,2025-05-05
c6ad3f37-27db-4232-99cc-aeed22777e85,50d708c8-637c-4c2d-9e06-e864a660207c,96.8,TE6,Jonnu Smith,TE,ATL,2025-05-05
2965705e-121c-4f6f-a67e-200c1f221343,1edbae01-fd1f-408a-8b46-7365d293ee71,97.1,WR51,Josh Downs,WR,IND,2025-05-05
bfa23971-1c74-42b7-a7da-cf3bb80a1355,395374cd-d5aa-4dff-ba55-e5d6921c96b9,98.1,QB10,Bo Nix,QB,,2025-05-05
bbd7c5bc-808f-4c97-80e1-6029515ff8bc,9ba8d5db-3aa3-4600-98f0-406a1e67bb22,100.3,TE7,Travis Kelce,TE,KC,2025-05-05
69a1328c-ef69-41a4-a9c6-9ef0f96179f0,d91fab35-c660-4340-be36-6300bce92d69,101.7,QB11,Justin Fields,QB,CHI,2025-05-05
1589e799-5723-4f51-a99a-817c1f5d9a61,6d848109-6d69-4474-9ab3-76c7f64bafa0,105.4,WR53,Michael Pittman,WR,IND,2025-05-05
3a9a963f-6618-40ac-93c6-96ea04cb223f,047d564e-8993-4473-b72c-ab8ecbb1fdbd,105.4,RB33,Najee Harris,RB,PIT,2025-05-05
d8c284a1-8746-41fc-bd8e-fbfb20bf2e92,290ec831-46e1-4b99-815e-e40a35db0e5a,105.7,RB34,Jaylen Warren,RB,PIT,2025-05-05
a9944d33-2618-448b-9dfb-73b9a43b1296,3cf29d08-26b6-410a-bd8c-f229a5bae324,107.0,QB12,Brock Purdy,QB,SF,2025-05-05
f52f0cdf-de38-4cd9-a5c9-b54b2958ea05,65f31977-db08-47a5-818f-ae5c9365bcfa,107.3,TE8,Mark Andrews,TE,BAL,2025-05-05
85474863-13c5-412b-a5fd-cebdd1383524,54fa09dc-30db-4625-9a36-95f59589e4a9,109.1,RB35,Jordan Mason,RB,SF,2025-05-05
a889c484-29f2-47ac-805b-49691067644b,f725a2b2-1843-4ab5-aa2a-bf1380a923e6,109.5,QB13,Jared Goff,QB,DET,2025-05-05
39526890-3152-4899-a948-99f0a9858b6f,099bec12-b139-461d-864a-fb167ed7302b,113.0,RB36,Zach Charbonnet,RB,SEA,2025-05-05
8c7f9176-18b8-4f59-bc46-2c14a60bfed8,46128737-06bc-495b-8126-938ec626bec7,113.9,WR55,Rashid Shaheed,WR,NO,2025-05-05
43e1dda1-d83d-4da9-a11a-e6c4b714e102,aff41efa-823a-4bf3-b4bc-4d197adf9e50,114.2,TE10,Evan Engram,TE,JAX,2025-05-05
e7384056-0c8d-48b5-8ece-43a68ad9d200,031e196b-ce1a-4890-93ad-2a7cefedfe5d,118.4,WR57,Marvin Mims,WR,DEN,2025-05-05
e35cb821-a7ae-41d8-a7c1-3fb43082b786,17f8f4db-0b38-48ff-b9e3-a42af0fc3aa2,118.6,WR58,Christian Kirk,WR,JAX,2025-05-05
37bd88b0-b695-4a09-a0e9-fc29f6c14dfd,d78f8b26-1823-4f49-be34-b9eadd252c3c,119.1,QB14,Justin Herbert,QB,LAC,2025-05-05
fb9df616-a7a2-4339-ab1a-b3e5dfd2278b,a6d5129f-7469-4d59-b74e-3f8b59b977b8,119.7,RB37,Travis Etienne,RB,JAX,2025-05-05
a539369c-22ad-4d91-b5b9-a616d39018b8,7212c057-c051-453d-a287-2c16dcd6781d,121.5,WR59,Rashod Bateman,WR,BAL,2025-05-05
af512904-a1c9-4f40-ac9b-3f04329bc6b8,b3fc6404-a8a0-4475-8276-209e50b74069,122.1,RB38,Javonte Williams,RB,DEN,2025-05-05
86d70c50-1438-435a-be56-17fc097d2763,67f1cafb-112d-4f4b-b491-b51b4ecd162a,124.8,QB16,Jordan Love,QB,GB,2025-05-05
96103fd4-acc7-4dba-adcf-ae140cf7d983,40fd7bdd-746a-4a5d-a68c-12981e24b28e,128.3,TE12,David Njoku,TE,CLE,2025-05-05
27c2ab08-d88c-427a-b0d3-cf0ba47af2f7,824a3936-fc27-4f96-8c56-7adc402a5509,128.5,WR61,Marquise Brown,WR,ARI,2025-05-05
9a1d9082-34b9-40f4-8e3c-330caa3fa989,3b5c2580-e73e-4222-8b98-b6dc14690e73,129.1,RB40,Rhamondre Stevenson,RB,NE,2025-05-05
48dddfc4-9fbb-49f7-93ca-49b5bad5b640,1fa16276-37d0-4017-b356-dff85b4bc053,130.1,TE13,Tucker Kraft,TE,GB,2025-05-05
d97eb184-b572-477a-98c8-e918a0bf1c66,59614625-f243-4cb9-8038-146619f12e70,130.3,QB17,C.J. Stroud,QB,HOU,2025-05-05
01b46905-02f2-4016-a320-7cc36b5d1afc,66c1ab28-bbf4-4854-80ff-c4caf765fda8,132.3,QB18,Trevor Lawrence,QB,JAX,2025-05-05
1a3c579b-489d-476c-8e92-96396daccfa2,59c5f1e3-fccf-4782-b593-98c518e75e3e,133.3,QB19,Dak Prescott,QB,DAL,2025-05-05
8e3162f9-5b76-46e8-b189-777db6212f8b,38a6f520-27a2-47ae-874d-9a987a118244,135.6,TE14,Dalton Kincaid,TE,BUF,2025-05-05
5336c84a-59d1-4502-b26c-a9a7a5683195,43faacd4-c803-448e-a435-acb80a41e65c,136.9,TE15,Jake Ferguson,TE,DAL,2025-05-05
76809c5a-f06d-479a-a218-f22ee3e13a83,e5aeabde-d364-4374-a15d-10016ac5740d,137.2,RB41,Tyjae Spears,RB,TEN,2025-05-05
427d8203-aea8-4b01-972f-039aa0baa0c3,59c11870-cdb6-4c4f-be1b-92d2fcb98c32,140.5,TE16,Isaiah Likely,TE,BAL,2025-05-05
91edd6d6-bd65-4571-8713-41fc3cd2eb92,11ad3ad9-0bc5-44a1-9da5-0bebd7b3f841,145.8,RB45,Tank Bigsby,RB,JAX,2025-05-05
315ad6ba-764f-4118-9deb-03720308a0c2,0c0803d6-711a-4685-9ac9-bf339950760c,146.0,TE17,Dallas Goedert,TE,PHI,2025-05-05
baf94a12-0921-4655-9b10-12b59b77c57c,2e423f4b-b5a8-4564-bd49-8e4295a94364,147.6,TE18,Kyle Pitts,TE,ATL,2025-05-05
9012f171-568e-4292-94ba-f4b308eac941,9d84935b-84bc-465d-9e87-ae8f7af53963,147.9,RB47,Rachaad White,RB,TB,2025-05-05
82b3392d-0403-4cc7-9adc-8881b1647655,7131fd51-e10c-4fc8-840c-274f82210d19,152.0,WR65,Quentin Johnston,WR,LAC,2025-05-05
bfd060c8-dfa0-43d4-beb2-6f3e5b9df69e,d3bfa7f1-2be2-4bbb-8d13-c1a8010eeb9a,153.2,QB22,Tua Tagovailoa,QB,MIA,2025-05-05
ff6b158c-6ff5-45c7-879e-32086288c5fb,59875f94-9884-4978-a233-7e86d9c5cfd6,154.4,QB23,Cameron Ward,QB,,2025-05-05
6dc7832f-45d2-4ae6-8c6a-3595e185a18e,146258da-2441-4e3b-a1fe-6ef9c566806e,155.1,WR66,Joshua Palmer,WR,LAC,2025-05-05
00403734-5e69-424c-974e-ceefbc335618,c45eb3b7-6eee-4d80-82d6-4aaec07940fc,155.9,RB48,Tyler Allgeier,RB,ATL,2025-05-05
04c979d6-83b7-40dc-83fc-ed4db79ce5f9,827909b2-9448-4ba0-98e4-f38da30a3806,158.4,QB24,Bryce Young,QB,CAR,2025-05-05
be28ffd2-9c10-44fd-937a-0dd5fa9f22c9,252b01c1-2bde-4112-bbfb-6440ade9258d,158.8,WR68,Cedric Tillman,WR,CLE,2025-05-05
951df6a2-c1b0-499f-819e-67798c2cc6a2,127d73f9-7548-4399-8b5d-7ed7ac9770f7,159.5,TE19,Brenton Strange,TE,JAX,2025-05-05
c27b2fd7-45a7-409c-9973-3346fd3062fc,8787ffdd-7fc0-4f90-9f40-c1ab2e7692fe,160.5,WR69,Romeo Doubs,WR,GB,2025-05-05
50be3583-2a3d-455a-91ce-ba6959783642,36ffcc88-5ca1-4b0e-9f02-028b5ba24be0,161.7,QB25,Matthew Stafford,QB,LAR,2025-05-05
1cc825d2-4975-4afe-a47d-b69f0e57cbc1,972c1749-c532-4a50-a1de-2c74b3f88286,162.2,WR70,Adam Thielen,WR,CAR,2025-05-05
2f6b0b7d-b3fe-46e5-b7ef-c84495f0e78a,0c2fb25a-641d-4a25-ab43-3d440da57be3,164.3,QB26,Geno Smith,QB,SEA,2025-05-05
44a906d5-b179-45f9-b69f-281595bea71d,57754737-d485-4aac-b26c-c39e2da4157b,164.9,TE20,Zach Ertz,TE,ARI,2025-05-05
d85fae4b-67cb-4828-93ad-d968f275c6d5,64aa98a7-b359-4597-84f7-affa2d6dc720,165.0,WR71,Jalen Tolbert,WR,DAL,2025-05-05
566b0f64-6a4f-4882-aa36-99d15ce990f5,7e6000de-0a9b-4d12-862b-5194ce6d526c,167.3,RB50,Austin Ekeler,RB,LAC,2025-05-05
a07ec2e7-a9ff-4797-8b81-e97de03a6a51,92f5879c-865a-45f6-80ad-fb96ff005a28,167.4,RB51,Rico Dowdle,RB,DAL,2025-05-05
24e943a8-7926-4012-9d7e-138315b764cd,e016929c-04f5-4b22-955d-71008f06894e,169.0,TE21,Hunter Henry,TE,NE,2025-05-05
8086a0ab-51d0-4510-af6e-34603b9ad807,d74acd73-504a-4c9b-8aa6-fe602de560a8,171.4,WR72,Keenan Allen,WR,LAC,2025-05-05
42be1a8b-6bdd-4bda-a857-3a01bbc6aeac,38cb1ed6-2217-4572-bf8c-d19ac47d0c84,171.5,WR73,Wan'Dale Robinson,WR,NYG,2025-05-05
ab78a171-01c4-457c-aa8c-7fd835bff986,22b7ee23-cb3a-4d47-af90-a369c693e934,172.3,QB27,Anthony Richardson,QB,IND,2025-05-05
a228fb38-ae0f-469d-984a-a7a3a904020d,da1f257c-ac6f-4146-988a-e0d417ac1cda,172.7,TE22,Mike Gesicki,TE,NE,2025-05-05
bc9e2c1b-6bb4-4bc9-84af-202f71c65de7,a8772039-c773-4703-81b5-ea71e53c56f5,174.6,WR74,Alec Pierce,WR,IND,2025-05-05
49d82bda-e7fe-487a-83ab-0f4bd9e431d1,2977afd9-0a50-4190-bcb4-d26f0df7dc55,175.6,TE23,Pat Freiermuth,TE,PIT,2025-05-05
afb9a9f4-bacd-46f5-ad31-80b2427eae28,c6c27b0d-56e1-46e1-b6a0-33a47445b3e9,179.9,QB28,Sam Darnold,QB,SF,2025-05-05
027fe218-a84a-450c-a89d-7ad6c4cf94b9,fd3dce46-3c38-4ad4-bfc1-b72fad7ef755,182.1,TE24,Cade Otton,TE,TB,2025-05-05
3e43e336-3c1d-430f-8961-701e685e8d5d,5750c050-2514-489d-890d-5e8484e5a078,185.9,RB55,Roschon Johnson,RB,CHI,2025-05-05
54ad314c-d98a-4087-9831-d9fe55233e1c,226c2222-6b57-4b94-ad9f-0e359751f4c1,186.2,WR76,DeAndre Hopkins,WR,ARI,2025-05-05
fb971e03-d484-4d81-982d-0e0af12179e6,5c1011d7-af2e-452b-9a72-693329dbcc24,187.0,RB56,J.K. Dobbins,RB,BAL,2025-05-05
9e0a17b1-fda3-4066-aa3c-4f742588536c,0169a966-cf5f-4e6e-8b03-1583650fd6ae,188.1,WR78,Michael Wilson,WR,ARI,2025-05-05
47a14de7-342a-4a2d-b5ea-2e4cca880e67,f5106453-fc94-4ffb-b843-cb5b15cdb4dd,188.7,RB58,Jerome Ford,RB,CLE,2025-05-05
63cbde87-5fd3-410c-9c64-2185510182ef,03b5560b-9a42-40c5-99db-d697c5ec7fa9,191.3,WR79,Demario Douglas,WR,NE,2025-05-05
ba19979f-896f-429f-89b1-0280ab4b6052,e861f743-837a-47dd-a2a9-de23d4e7e363,194.5,TE26,Dalton Schultz,TE,HOU,2025-05-05
d49688f7-ce90-44b2-99ee-0b1c78eec8f3,5c996508-9376-4649-a340-dca1b4325dac,199.1,WR81,Andrei Iosivas,WR,CIN,2025-05-05
5938bf65-bd79-454f-921a-94d0b1a4c3b4,7401f3d7-db5f-493d-8bcb-1624b703fa9c,199.8,WR82,Dontayvion Wicks,WR,GB,2025-05-05
bdecac5a-bd13-4a2c-94c8-4ff12c29d50a,a1ea32e0-20dd-4aa7-9c09-71bc74924a91,200.4,WR84,Darius Slayton,WR,NYG,2025-05-05
8f4756df-0eba-4393-bc91-cd38984dcda8,c30a3a40-ba8b-4a16-b425-a5665aa3c8d9,202.7,RB63,Justice Hill,RB,BAL,2025-05-05
6958938f-e1b1-4a04-9277-0d13ce07df21,6328d647-7cbf-4947-8a78-b7a62284baa3,203.4,RB64,Nick Chubb,RB,CLE,2025-05-05
2c7e2974-109f-48af-aa38-6ca441540779,01ed7bc6-254e-4cc1-92f4-f2ba86746625,204.8,WR86,Amari Cooper,WR,CLE,2025-05-05
d8b3c731-9054-4d15-a4ee-e12beb4825fa,7da829d5-a014-412b-9db5-5c865cfe8534,205.8,WR87,Tyler Lockett,WR,SEA,2025-05-05
2a65964a-1345-435e-998e-ee29adf6d251,05b708b9-ec27-4b6c-a485-5b2994b1a5f3,206.0,TE28,Chigoziem Okonkwo,TE,TEN,2025-05-05
1bd33029-b88d-43fa-998e-775a6741a5e7,8dd3a635-e761-4407-8f30-6b5f8a0b4867,209.9,QB30,Aaron Rodgers,QB,NYJ,2025-05-05
011d7af8-9fc6-47e2-b1c7-60ad22188306,9a022432-a418-48f5-9473-f4af24814bbc,210.2,RB66,Kareem Hunt,RB,,2025-05-05
10b27c42-0621-472d-bfa7-3f6c598980be,2f7ab04c-3b04-4874-be0e-2a7ea0c59788,211.3,TE30,Juwan Johnson,TE,NO,2025-05-05
0a189fd2-3410-4074-a5c6-0197f8d4041c,bfce6c9e-0e30-4b15-91a8-29e86d072988,211.5,QB31,Russell Wilson,QB,DEN,2025-05-05
5ac44ad0-e9ce-44d0-9bf7-82950d46bd63,dfb6a448-33eb-4fb4-aaf8-8e9f29e36039,211.5,WR89,Tutu Atwell,WR,LAR,2025-05-05
139d7f99-b270-4a99-832b-41bf0deb358f,9a5008b9-2fe9-4477-8590-2205f82a337c,212.0,WR90,KaVontae Turpin,WR,DAL,2025-05-05
9f137949-d162-475c-bf95-9d43e7d58824,f972b7ae-d069-4104-83ea-5c5654a1daf5,212.7,WR91,Dyami Brown,WR,WAS,2025-05-05
090fca9a-692c-497a-a575-8cc9b923bf9f,d182f0d3-7e53-445e-b61b-c7d4bd8fcb08,213.3,WR93,Mike Williams,WR,LAC,2025-05-05
3349f39b-9dd6-42f3-a50c-8f7e8134d2bf,1cdc8a84-3a59-46aa-b43f-c7e84768099b,213.6,TE32,Theo Johnson,TE,,2025-05-05
dc435bd0-ebd3-479f-b9bf-529569dff43c,7202445c-cbea-4c42-a6c0-a5f498e2ff06,213.9,TE33,Cole Kmet,TE,CHI,2025-05-05
9d27c511-89bc-4129-a079-334b7b3be97f,1facaf38-e5d4-4318-b776-0eaf37e95321,213.9,QB32,Tyler Shough,QB,,2025-05-05
4c50a7a3-7ac8-442f-a792-11977cea9322,6055d19c-9329-4216-a7a2-785f011e2392,214.0,WR94,Ray-Ray McCloud,WR,SF,2025-05-05
4a91b789-1968-4e0c-9ec3-3f4fa98de1f2,1b821175-4851-4629-8fc5-b8036ad14a61,214.1,WR95,Diontae Johnson,WR,PIT,2025-05-05
a18edd62-1cc8-484e-b729-3f9c591887ad,60875711-004e-44b6-b5e6-b8e023b2ed63,214.2,TE34,Noah Gray,TE,KC,2025-05-05
aaefaf37-9d15-4306-ad32-8f6245e98a4d,6d43b896-92a0-4ffd-8fe2-4a2ec2346e39,214.6,WR97,Tre Tucker,WR,LV,2025-05-05
d29091a8-ca31-49b0-a940-4ddebb14a843,d518b022-5088-480c-b4b0-cfbe8a77f042,214.6,TE36,Tyler Conklin,TE,NYJ,2025-05-05
d84d18f3-8260-45e3-803c-a7ac6a718c98,80db90d0-8057-446c-b2bb-e4d67f357a25,214.6,WR98,Elijah Moore,WR,CLE,2025-05-05
ccc75043-457f-471e-9735-d76568cc2bb1,dde5b955-a773-4c77-82cd-e70fc383455f,214.7,RB72,Elijah Mitchell,RB,SF,2025-05-05
0b920098-c972-4e90-9e89-7430232e7567,5f726fce-7288-44e9-b9a0-a2cc3a0ed882,214.7,QB34,Daniel Jones,QB,NYG,2025-05-05
33f93253-33a6-4e0f-8d93-815366d14090,153696a9-1fbb-4205-b382-2813daac42df,214.9,WR100,Nick Westbrook-Ikhine,WR,TEN,2025-05-05
20d13172-f781-47ca-84ca-048e8d8b29db,64008c21-878e-4bf9-8780-1031be9d89fb,215.1,TE37,Taysom Hill,TE,NO,2025-05-05
013d1f80-d88b-47c2-b6b9-d0c833e1cdba,c25debc8-79b9-44d5-8ac4-4edca7d7b779,215.1,RB73,Raheem Mostert,RB,MIA,2025-05-05
868448b8-f53a-4c9e-a15d-8ed8f40b27d4,360552c2-774e-4ebe-8f1c-a33d5bdb3365,215.2,QB36,Joe Flacco,QB,,2025-05-05
8781a0c7-14b6-4c09-bf75-0a9da0bd9a31,6f5bdbd6-640a-4f62-b8f2-3797b340e2d6,215.2,WR103,Marquez Valdes-Scantling,WR,KC,2025-05-05
ef67177a-49c1-49d1-a6df-20ae9588b890,56f7a603-f900-4d03-b066-da707e738d6d,215.2,TE38,Tyler Higbee,TE,LAR,2025-05-05
978436e8-4ba8-480b-8ebc-e50c548808e4,606aebf2-f9f9-404b-b6b9-fc6d5dc62de5,215.4,RB77,Zack Moss,RB,IND,2025-05-05
b760285b-f146-44b7-91a6-80b79734aa3a,5a6752f4-7751-4513-92bd-01a949d07495,215.4,RB78,Keaton Mitchell,RB,BAL,2025-05-05
dddc50fe-12ed-4071-aac1-439c5f0d91d0,16b23189-7d4a-48e6-96c3-cf57ccfd2e6f,215.5,QB37,Derek Carr,QB,NO,2025-05-05
89c932e5-9b13-487f-97c6-c23a2864510e,620f78f4-a38c-491d-9088-2a7b9e5dbbae,215.5,RB79,Sean Tucker,RB,,2025-05-05
99768dcd-9aea-40e2-9abb-e3644b8f69f0,3c4ff83e-69d7-45f8-bee0-710b536c97bb,215.6,WR106,Jalen Nailor,WR,MIN,2025-05-05
f24adb34-5412-4edf-95ff-6b68e5fbd41d,b81c8cfe-41e9-4a9b-9fe0-614ee26eb47c,215.6,RB80,Miles Sanders,RB,CAR,2025-05-05
0ddf9b70-527e-4bb6-8018-b1a0b49ba29c,3c2cc03f-efb2-4906-83dc-29730d41a049,215.6,WR107,Kayshon Boutte,WR,NE,2025-05-05
df791444-6e48-4435-a11a-8907cc7efc73,65a3b00f-0be9-4652-b7ce-d1d29816945d,215.6,WR108,Nathaniel Dell,WR,HOU,2025-05-05
e2a9db24-836f-410b-8fbc-92ebf65aa172,2fd9b7b5-27b3-4f69-8abe-60a8144c6909,215.7,WR109,Brandin Cooks,WR,DAL,2025-05-05
60c195a8-e9c9-4f75-8551-537d3ec25c6d,9d9fe379-f313-4c5e-8501-063f7f4d4907,215.7,WR111,Noah Brown,WR,HOU,2025-05-05
50224a13-c0a8-4226-8e19-56fc4c0e257b,2b137246-eb40-4e14-adf0-7f0287d59ba4,215.7,WR113,Allen Lazard,WR,NYJ,2025-05-05
09fad0df-6eef-4310-9cf6-9fd18d55a626,62b33363-6b96-472e-ac58-a37611b925fd,215.7,WR115,Curtis Samuel,WR,WAS,2025-05-05
423103ae-b2a4-4cce-a28c-2df988e0537f,35d8246e-40f3-4465-a67d-f09b6d29f466,215.7,WR115,Demarcus Robinson,WR,,2025-05-05
0ea8521f-7fe9-4feb-8383-d4c68de52a02,bd1db5e8-6e7e-480a-aad2-48c888d127bf,215.8,TE41,Will Dissly,TE,SEA,2025-05-05
97b95328-40e0-40a5-8f23-f57059acb9bc,b051fda9-3b0a-4535-8831-555fd2e0172a,215.8,RB82,Ty Johnson,RB,,2025-05-05
c423d62d-5442-42d4-a157-331f61d8c0a8,5b561cfb-843a-442a-8cb8-1953c3f7aaef,215.8,WR117,Jahan Dotson,WR,WAS,2025-05-05
6740daf6-d0f8-46cd-ae2c-7dc4774b6de0,53abb812-7fc9-49d8-b26d-c46d9254e7e0,215.8,RB83,Isaiah Davis,RB,,2025-05-05
78d3fad5-b6e8-421c-8a10-758a6b979e46,128e2e2f-63f1-4629-a74c-1379076d1ff0,215.8,TE42,Luke Musgrave,TE,GB,2025-05-05
41527475-e452-40be-92c0-8ad78e0a4ef7,a3901a5e-309b-4dc1-b62f-a9e7887ba7a7,215.8,WR120,Tim Patrick,WR,DEN,2025-05-05
74d0909b-cf5a-416d-9d46-d83b34c9d947,db99b2e0-ad8a-48a4-96cb-a7d5f4f57661,215.8,QB39,Kirk Cousins,QB,MIN,2025-05-05
49d00288-8c14-4e07-a415-8954c227c9cc,80be2bb3-d0f1-414c-bedb-9f17befcae71,215.9,TE43,Noah Fant,TE,SEA,2025-05-05
5f9ab9ae-8374-4dca-8ff1-660f399c587c,8af14b29-44c9-4df5-a6b3-2ecfbfbc5fdc,215.9,RB85,Kendre Miller,RB,NO,2025-05-05
dc98d5aa-5219-47c4-9c96-0d1c5158a58d,63e60cc6-a2c2-40dd-93ab-72e0faac9083,215.9,WR122,Mack Hollins,WR,ATL,2025-05-05
b3da238b-5afa-4b76-8e66-34ac61f527f6,ac966563-1e1b-40c0-81fb-2d57f58329f0,215.9,RB87,AJ Dillon,RB,GB,2025-05-05
355ef517-f1e6-40dc-93f3-840822bb537e,a5add42f-3abc-4986-83cc-4b021952199c,215.9,WR123,Gabe Davis,WR,BUF,2025-05-05
75ed17a8-5d4f-4007-957b-0a6733ddf392,bf40e425-b01f-43bf-a833-b021427efd7e,215.9,RB88,Dameon Pierce,RB,HOU,2025-05-05
3c447c3d-b2ae-44be-9b4c-5a7efe6bfdb9,df987034-7ce1-4afa-a28b-0bf557793758,215.9,WR123,Parker Washington,WR,JAX,2025-05-05
c5278c01-f7c3-4163-9ed0-9b76a84b06d3,50c1e9a5-e212-4cba-ac23-d8c8084a6b2b,215.9,WR126,Calvin Austin,WR,PIT,2025-05-05
6212d548-a31d-4690-8de8-b8313672a462,c108c752-92fd-491f-94ed-60b0b3cea7d8,215.9,WR126,Christian Watson,WR,GB,2025-05-05
9a6b601c-81b4-41e0-bc9e-99067890d849,a6a4c9bd-0043-48c6-9237-0987eb2a8b47,215.9,WR129,Greg Dortch,WR,ARI,2025-05-05
ca78bb58-7fcc-48a2-9e66-5c5f01a1e0bb,a9cb4689-5707-40ca-9200-c8c4238c8636,215.9,RB90,Devin Singletary,RB,HOU,2025-05-05
09a94e04-6906-45fd-ac6e-671fbb94a89b,531f52ff-5f9d-41fd-a094-df76ef6db136,215.9,RB90,Alec Ingold,FB,MIA,2025-05-05
0693c669-0199-4450-8070-496dd3620695,c26e64ed-4bb5-4c28-8eea-e4e309e53bdd,215.9,WR129,Derek Wright,WR,CAR,2025-05-05
ed8c1ea8-07f5-455c-bb6b-265cee07947a,1e22a254-5c0a-46a1-90d0-f74e5b61078a,215.9,WR131,Van Jefferson,WR,LAR,2025-05-05
f72c48e5-a9d1-4507-a4a4-de071c40efb1,8f692ef5-a0bb-467d-b8ca-1cc2e456532e,215.9,RB94,Gerrid Doaks,RB,HOU,2025-05-05
e2201260-c9d1-4052-b0a0-894674f92c65,19d6019b-fdcb-403f-9fef-d6b7146855b6,215.9,RB97,Ricky Person,RB,,2025-05-05
9544675f-20bf-4fc2-9d60-b27ba8c4f5a9,e936e39d-5930-4dcf-9b74-dd9547e7da5f,215.9,RB99,Khalil Herbert,RB,CHI,2025-05-05
235736d2-cea0-4504-b5ae-12232850ded3,ac9f0cd0-ddc3-40a2-bf05-bd919e0630d3,215.9,WR133,JuJu Smith-Schuster,WR,NE,2025-05-05
a9b249e1-cd17-48a6-8838-ecd4a135906c,b26d253f-6295-44a3-97e6-09e84c71bb48,215.9,TE46,Tommy Tremble,TE,CAR,2025-05-05
7ebccb67-953e-4e9d-864b-c85bd4064346,1e8d3d2c-b9aa-4d4e-b9a6-8e3cd2b01e33,215.9,WR133,Hunter Renfrow,WR,LV,2025-05-05
437c9f00-4095-4888-af34-2ed2df44f149,f4ad7681-a5c9-4aaf-8325-324beab72305,215.9,RB99,C.J. Ham,FB,MIN,2025-05-05
429848f5-b190-489f-b67f-1cf47d091fc7,fe9a52e1-671b-41d1-b2ce-0a515dc65796,216.0,TE47,Michael Mayer,TE,LV,2025-05-05
03ed3f29-655b-4b39-9e8c-986289957629,229b2cf7-ca6c-4394-b7f8-27883fb8abb7,216.0,RB102,Kenneth Gainwell,RB,PHI,2025-05-05
959704b1-09ac-4a6b-9a72-30aff9a986b6,b2383320-4cbb-4309-9bbb-ddc546953c9e,216.0,TE47,Luke Schoonmaker,TE,DAL,2025-05-05
cbb7d7e5-c32a-4c82-83f5-924a9635336b,95c6a77b-e53f-46ec-adfe-ffba1ed6c4cf,216.0,TE47,Grant Calcaterra,TE,PHI,2025-05-05
b2953b43-ce06-484f-8391-3ceb66f98176,af156259-1bbb-4d40-97f1-5dbd14fa7006,216.0,WR138,Kalif Raymond,WR,DET,2025-05-05
b486b3fa-27f7-400a-99bd-e50a7c589fc8,c35b6964-a0c4-48c2-9d0d-24bcc1faf218,216.0,RB104,Rasheen Ali,RB,,2025-05-05
0469d1c4-8adb-4d56-885d-d971b9ceeda0,52aa4523-7aa1-4310-9fd3-7cea1cbd5931,216.0,WR138,Tylan Wallace,WR,BAL,2025-05-05
71d354cb-d811-443a-be64-920123ead4bc,d9e72afb-136d-4ddc-a451-57cb0476d5c7,216.0,QB40,Cooper Rush,QB,DAL,2025-05-05
840278ec-0ad5-4ba3-923e-2dda905a735f,4df49d8f-f0b9-4b5e-9637-351c25cb296d,216.0,WR142,Roman Wilson,WR,,2025-05-05
9ab9905f-4b27-4de3-9a80-09bad046eb1e,93c47d61-ed85-444e-82ce-ae7e28dbea3e,216.0,TE51,Dawson Knox,TE,BUF,2025-05-05
f8c6033e-850d-45f9-8ff0-985601266a33,54854ab0-6688-41b5-9f5b-4c7bb6ea5b62,216.0,RB105,Samaje Perine,RB,DEN,2025-05-05
1a966b2d-815d-4947-a50f-e59fd8af882e,8d2e7f39-0543-4c93-bc3b-fe9bd7267ce5,216.0,RB105,Patrick Ricard,FB,BAL,2025-05-05
611aa155-49c6-43a2-bd3b-8fde526b7656,c86a8455-08b6-4bb3-bd21-9ac7fe093ae9,216.0,WR142,Jonathan Mingo,WR,CAR,2025-05-05
48fd4fe5-b705-437c-b3ec-a3fac974fb84,b6fc1eff-ec88-4523-9656-d9fd6b53a7ff,216.0,RB105,Ezekiel Elliott,RB,,2025-05-05
b700e4d6-99b4-48cc-80a5-ca0bf0a54a68,03880d40-6efb-4aab-afec-8c9566f9b29e,216.0,WR142,Josh Reynolds,WR,DET,2025-05-05
2609c660-8eb5-44ad-aad3-ef3040483093,805e7e9a-65c9-4cc1-a6ee-740bef7c598a,216.0,WR142,Malik Cunningham,QB,NE,2025-05-05
8c65dfff-d86e-46ad-8458-4eb025f10106,71bb8c53-1536-4a76-823a-b397b2b0fd08,216.0,RB108,Ty Chandler,RB,MIN,2025-05-05
e207fbe7-627a-4c8b-beb0-1fc5218bf8ac,ad13bb4d-2b58-4eb2-b914-c38cebcc21ec,216.0,QB44,Jameis Winston,QB,NO,2025-05-05
3a077bf8-5c6c-4ff2-966f-e06dd8bbcba2,0c99e47c-9d97-4290-9021-3671087503e0,216.0,WR146,Jake Bobo,WR,,2025-05-05
daa42982-756e-4f56-9d14-0e9c2122e5b4,edc3553b-421d-4ae7-83f0-747bcbe68ea0,216.0,QB44,Mason Rudolph,QB,,2025-05-05
d6e0c53b-b763-4beb-8602-8ac7c072c4c4,eb3931e1-de43-45ad-986f-b8222a838fd1,216.0,QB44,Sam Howell,QB,WAS,2025-05-05
a4df3d44-dcc3-419a-a1c5-cbdeb9c95600,831137ad-faf8-4eb4-b010-c54cc7554d71,216.0,QB44,Carson Wentz,QB,,2025-05-05
38b2bc12-91a8-45df-9e59-671d3eb52e43,878aad5f-c243-4060-99d4-3dd62c5e7d3b,216.0,TE52,Zaire Mitchell-Paden,TE,CLE,2025-05-05
3f1c15c9-9b09-49cf-9773-57f6fca4a7a5,2bd1add2-a01f-46ad-99d3-f6e07c346b77,216.0,WR146,Anthony Miller,WR,PIT,2025-05-05
e72fd8fd-64af-4e64-a6d9-bc8bda771e37,06c716c4-808a-4e8a-9630-a379315ef34d,216.0,WR148,Kendrick Bourne,WR,NE,2025-05-05
09ae0fa0-b89b-4e5a-a120-aca14903bca2,99915e61-05a3-420b-9414-4b7cc5dec39a,216.0,WR148,Olamide Zaccheaus,WR,PHI,2025-05-05
a7f67b7a-1598-48d5-b9bc-b7921b03f5c7,a22743b2-363b-43a2-b182-94cff9998b16,216.0,RB110,Chris Rodriguez,RB,WAS,2025-05-05
fa193b30-e49b-4eb5-9eeb-f760b5a2124b,fd498b49-4486-47b1-abfc-55cb48b3e6e7,216.0,TE55,Austin Hooper,TE,LV,2025-05-05
e5693812-f80a-449d-92b9-ac7ef2145b86,606cd7d5-8f56-4453-b45e-cf1fe96d4451,216.0,RB110,Alexander Mattison,RB,MIN,2025-05-05
997e7ceb-de79-49aa-905d-71ee7c61c946,f7ac299c-e688-43f5-9b10-ef5d55f6b691,216.0,WR148,Zay Jones,WR,JAX,2025-05-05
f0b47a46-c3a8-4de2-ad93-37265692e3f4,97ee986e-2744-43fe-8fb2-7e787b0ad1a9,216.0,WR148,Treylon Burks,WR,TEN,2025-05-05
cd0a1a78-4d82-46eb-9272-36f1f515cf83,e6ea81a9-a676-4a48-bcbc-2b97cde9e29a,216.0,WR148,John Metchie,WR,HOU,2025-05-05
5d3055f2-2a19-46b6-80ab-c4c06f7903c4,d5697918-d882-4cc2-9bf7-934b98b9329d,216.0,RB110,Jeremy McNichols,RB,,2025-05-05
9d6cc579-91db-4383-abb2-918f0514b719,843ffb53-0feb-4432-981b-f3b483d08106,216.0,WR148,Jacob Cowing,WR,,2025-05-05
9e3ad24b-e1c8-48e7-a24f-13e5d2aee38a,55d0e0e1-01a7-477d-9771-335ae7614dab,216.0,TE59,Elijah Higgins,WR,MIA,2025-05-05
4b2071d8-d3ad-4597-99d4-bd3a218a449a,28f21713-1487-4c17-baf4-ba9b806d3788,216.0,TE59,Stone Smartt,TE,LAC,2025-05-05
3ae4388b-8078-4b58-8c2f-24e0893edebf,53ce2974-1b1b-4b46-bef6-236d2dcf0858,216.0,WR160,KhaDarel Hodge,WR,ATL,2025-05-05
146a4b98-24ec-4267-b549-6b5a14830a6e,dd7b48ce-9fde-46eb-b03f-45e8274cf326,216.0,WR160,Jalin Hyatt,WR,NYG,2025-05-05
f146cb9a-934a-4c88-9b1f-3369ffc1905a,9ae8da68-89c9-41d7-a927-7fc84e878148,216.0,TE59,Kylen Granson,TE,IND,2025-05-05
ef760b88-6762-4175-828e-ecf05629d09c,b1672075-e4a6-4e66-9b8d-639a1eaccf99,216.0,WR160,Johnny Wilson,WR,,2025-05-05
7de1d6e7-566d-429b-9ef6-3d2a55373b60,7e979d70-ba81-4b1f-a558-99da47b4afba,216.0,QB50,Nick Mullens,QB,MIN,2025-05-05
340c3a26-9b65-470c-b22b-1be6ee51da85,c69d5b8f-c689-48ec-b36a-f127a261b73d,216.0,QB50,Jake Browning,QB,CIN,2025-05-05
21cef4da-3d39-4450-ab87-61f0de33e11f,366a4240-0e93-4773-975f-d9db4fe583f1,216.0,QB50,Tanner McKee,QB,PHI,2025-05-05
9a93205d-7561-48ed-adc3-25b2478d88a0,505405b8-19e0-4e74-9c0a-c29e5c8ae1bb,216.0,QB50,Jacoby Brissett,QB,WAS,2025-05-05
d4ccb80f-d585-42c9-a080-0ee5ab92445b,94c1ec0c-8c1a-43e2-bf5a-385eb49baa08,216.0,WR160,Rondale Moore,WR,ARI,2025-05-05
466b5794-aa7c-4be4-83d0-9c7012d22f7a,23a1285d-7c81-488e-a24c-cea3484f6892,216.0,TE59,Ross Dwelley,TE,SF,2025-05-05
9a50e7df-e06f-49cd-aa5a-a13f7ac8ab44,835c4d4e-8d95-4625-b5d7-1c6e3a6384cd,-,,Antonio Gibson,RB,WAS,2025-05-05
5f673c83-adcf-4290-bd9b-be03ac7585a1,4520ab4c-d93f-4417-a936-b15379db288b,-,,Deshaun Watson,QB,CLE,2025-05-05
c8d9e613-cf2a-44ce-b4ad-5362db4512fa,b1107a91-61f9-493f-9b2b-443aaaa69f9a,-,,Tyler Goodson,RB,GB,2025-05-05
26f704f4-985e-42d4-bc78-230cf4eb1db7,d21e7aec-d294-4fb3-a494-12e1361e8cf0,-,,Dare Ogunbowale,RB,HOU,2025-05-05
90a01137-4675-48fd-8700-458d7bd68c08,46086bdf-1eb0-40ac-b719-35f52292bc12,-,,Jeremy Ruckert,TE,NYJ,2025-05-05
4f97af23-bac0-42d4-8646-2f9473f06643,cee10b9d-7ede-4a61-abf6-cfff4b4e180e,-,,Darnell Washington,TE,PIT,2025-05-05
835a5fa3-f0fc-4df9-b56d-2072abccfedb,76bb86af-c68f-486a-bbcd-6e1143294b8f,-,,Derius Davis,WR,LAC,2025-05-05
0422dbab-b339-4e15-8eda-dd2c339c6d07,dc551b03-9c78-4796-b578-776208fbebb8,-,,Daniel Bellinger,TE,NYG,2025-05-05
77bbfa72-99c3-497c-8ea7-dc6484977d95,95e93b15-79f1-42cd-993f-6881cc28141b,-,,Josh Whyle,TE,TEN,2025-05-05
d0bab80c-0a37-4431-8a68-b89e30e675d7,4f0afbcf-ad42-4fb9-8661-0458d8a11859,-,,Cordarrelle Patterson,RB,ATL,2025-05-05
94a659c3-6760-4920-a94c-b0cc3db9a500,6b836f4b-35a8-4e1a-b7e6-1324111684ff,-,,Kenny McIntosh,RB,SEA,2025-05-05
27749f4e-aacc-4464-9245-fe3d7c2f0471,82682a2a-6ca8-411c-b723-2aeaaed8787e,-,,Michael Carter,RB,NYJ,2025-05-05
1bcd5536-b752-41da-adbd-87d66102f374,e1542cab-794d-40a0-b024-924f458fd1a3,-,,Lucas Krull,TE,NO,2025-05-05
7f59fcfc-9e1e-44ec-99dc-b475700d408f,c0bff409-96be-47f4-be5d-304b83289176,-,,Bo Melton,WR,GB,2025-05-05
89d00331-dcfb-4aef-93e6-2f3aa9b71558,f9ab7c50-5ada-4c0f-bb41-2452e8ccec80,-,,Kyle Juszczyk,FB,SF,2025-05-05
9a574823-c8b6-440c-b9ce-708c92a9613b,8e2a76ca-66b4-4b3b-86ca-39d6c16960fa,-,,Kenny Pickett,QB,PIT,2025-05-05
be4542f6-942d-4b9d-bd50-b565e4ade219,6d3577ae-3df6-4361-ac5f-8ef3609a2a03,-,,Will Levis,QB,TEN,2025-05-05
cfe5150b-89ba-4afb-9f93-37697a78b592,b37b6f6c-4d40-4b28-96eb-8032f1852452,-,,Lil'Jordan Humphrey,WR,DEN,2025-05-05
47c21212-cf44-4b5f-bb98-dbef1b2d08a3,60ecd2ea-8cb6-4de3-b1a2-bea8f2e7e5ce,-,,Michael Woods,WR,CLE,2025-05-05
3f361f67-47b7-4daf-bcbe-8b1dd83a190c,6b33c2f8-f926-4f1c-bf1f-bf0786e93764,-,,David Moore,WR,,2025-05-05
5fa46afa-87db-4079-a7fe-1c4c770c04fe,568b03d7-5389-42d3-8f16-1ac14ba5da0f,-,,Brock Wright,TE,DET,2025-05-05
651c9c67-ffc8-4c0d-8c13-6041a461bb15,c7d94033-423f-480f-99ca-c1565a50986e,-,,Colby Parkinson,TE,SEA,2025-05-05
8030ff68-3a5f-4c4a-bc5b-1a0f3bac1ae0,a8f308d5-bade-4b9c-bd91-129f605897e7,-,,Adam Trautman,TE,DEN,2025-05-05
1c420729-1d4b-41c4-9bd9-60bd4a14640e,41fef058-6c30-47d1-8aea-93ba62a28714,-,,Josh Oliver,TE,MIN,2025-05-05
d252cf1e-50e3-47de-a450-a48660ec4fd5,4069bb46-5cdb-4cdb-a670-38912d166f2d,-,,Tanner Hudson,TE,CIN,2025-05-05
3c8c5d0e-0625-467b-a94f-4d6f8f0d0ca4,c4395b6e-4cfa-4303-9e8a-c9333d134f22,-,,Drew Sample,TE,CIN,2025-05-05
58c15ee8-d68a-4e3c-98be-fc5e4868018a,2101a7d6-977e-4d62-b3f0-85486648d6aa,-,,Will Mallory,TE,IND,2025-05-05
35abf2f2-7061-4647-b252-936c1bf5949f,b90e3184-7bb0-495a-a598-116eff63f7d9,-,,Brevin Jordan,TE,HOU,2025-05-05
77a3e673-4d6d-43b6-bbea-dbf1755e62cb,24d76979-5f99-4af8-994d-8dddd42a1a02,-,,Robert Woods,WR,HOU,2025-05-05
be686c8c-94cc-4c25-803a-a9b3451d01df,dc3165c9-7f09-463a-ad6f-ed3e9c1133cb,-,,Justin Watson,WR,KC,2025-05-05
d21aea3b-2440-4a64-a9a0-4ebecee2139f,58619510-459f-4cd1-b79b-0c2075d57cd3,-,,Sterling Shepard,WR,NYG,2025-05-05
be728ad0-942c-47ad-b547-a1b253ebf74b,9d7702cf-633a-4956-a171-67db1e9d74a1,-,,Charlie Kolar,TE,BAL,2025-05-05
dc42ca2b-8ad8-44d0-a2cc-19200956908b,75b58a21-6cc1-43ed-832f-a702fec0ef07,-,,Harrison Bryant,TE,CLE,2025-05-05
08f57fcc-44d5-439a-9f14-13e930dd99ad,83f5497d-fa47-40e5-bb1d-95b79469d112,-,,Malik Willis,QB,TEN,2025-05-05
66aa7bbb-823b-42e3-a078-d005193a46eb,f1ed70fe-3773-4400-b9ee-5b668ff679ea,-,,Zamir White,RB,LV,2025-05-05
6b6e1217-dc46-405d-bdff-696d0825c8b0,d2dd8436-1694-45fa-99bb-38b95be026f5,-,,Tucker Fisk,TE,ATL,2025-05-05
dddd6ff2-1e3c-46f2-9e3e-9951b1cacd3b,d09fb0f8-e30b-4d7a-8a17-fb9a224f9476,-,,Payne Durham,TE,TB,2025-05-05
0c243979-3bb1-4217-aa4c-92187209cc4e,bf2a9c10-259a-4966-9dcf-b99a61128cf8,-,,Foster Moreau,TE,,2025-05-05
8b0346f1-b00d-4ba0-b77c-adae7afe0fc0,bea6c553-38bf-40c1-ab80-b48c5a23a78d,-,,Mecole Hardman,WR,NYJ,2025-05-05
71f0793c-4679-4b99-a831-5474b27af1fb,5fb5d84e-ab97-4048-8347-cb2dbf062e61,-,,Gardner Minshew,QB,IND,2025-05-05
a2be026f-7621-4450-bb68-6744b698b6d0,fc2abfb9-cf17-40e7-a5a0-3cd636ecca49,-,,John Bates,TE,WAS,2025-05-05
2e8ba67e-9a68-4e7a-b365-f4083f54a396,fd5802df-0621-42f5-98f1-a006f32815ae,-,,Charlie Woerner,TE,SF,2025-05-05
cbee272a-5a80-43db-9d97-3523d93cf5f5,90472944-f8fb-4ac5-9876-60713fc2fd22,-,,Trey Lance,QB,SF,2025-05-05
901a3d85-7766-42f8-bbd5-c81d11e9386c,71693042-40f2-413d-b49d-17d923313d7b,-,,DeeJay Dallas,RB,SEA,2025-05-05
bccd3f24-856e-48ed-ba18-d9acc7b61e4c,1d88d6df-e227-42a4-8909-7eff2f18214e,-,,Joshua Dobbs,QB,CLE,2025-05-05
0fd437ac-a997-4535-9384-4ee0fdf6c937,87ab74dc-271d-47a1-9bce-6a0b05cb07be,-,,Marcus Mariota,QB,PHI,2025-05-05
5eea69c7-d9a8-4f96-9ce7-c37e57f44aaf,e3ef1ad8-55f6-4917-b176-3bb475d1b473,-,,Hunter Luepke,RB,DAL,2025-05-05
678c69ed-93f0-497a-8b2a-d7c4f8b17ea2,f67a65a6-e2f2-4b9e-86cf-4955407f366b,-,,Hendon Hooker,QB,DET,2025-05-05
82c61c8c-08d2-4a0f-897c-d38fdbb8164b,df8225e2-d641-4d0b-823f-f9090ea21292,-,,Tyson Bagent,QB,CHI,2025-05-05
a1ecaad8-2cad-488d-a58c-0f892424fa60,74ef2f95-0fc1-4347-b8ee-3c3e59d61a54,-,,Tyrod Taylor,QB,NYG,2025-05-05
33302315-e447-4803-921e-dce3dd2ac9b3,7b6a4f58-122e-45c0-bf23-d862552ba221,-,,Stetson Bennett,QB,LAR,2025-05-05
ed4d6d88-6142-4a3f-80b5-00d52e1370b0,bda0e797-b247-43f5-807b-88a38ca7924c,-,,Josh Johnson,QB,,2025-05-05
4d04a5a3-4653-4b10-8cf1-b12d890c0844,51e0ef29-0e21-448e-b1ae-9fbb76222dee,-,,Aidan O'Connell,QB,LV,2025-05-05
64e7901e-e045-41a5-9b6c-cc290fe12e08,dd91cacf-e0a3-4032-9efc-7bc59b150c96,-,,Mac Jones,QB,NE,2025-05-05
dc9c865a-4fc8-4ec6-be9e-760e4bbf3db6,3dcd99af-d7ff-445c-b088-c61faedb6538,-,,Mitch Trubisky,QB,PIT,2025-05-05
0ae80912-16b7-4ba6-893f-57326416f7f1,a6c845ff-11cf-4bc1-adc6-c898f5ee4a72,-,,Kyle Trask,QB,TB,2025-05-05
dcbc1af3-961d-4f74-939d-5ec1d10ec212,40e4454b-82c2-429c-890f-379ff69e48c5,-,,Andy Dalton,QB,CAR,2025-05-05
0c4b6684-c761-4079-8303-e44b002a8c3f,a5ab3c4d-dbd1-46a3-aafd-fa277c6c528b,-,,Drew Lock,QB,SEA,2025-05-05
4540df6b-265b-42c4-af06-ad9c587cdcee,708cfb6f-53e4-4d32-ab05-0abe667586b2,-,,Jarrett Stidham,QB,DEN,2025-05-05
22a23bf5-d3bf-4477-9dc2-9da43bdbe23b,233408d7-f785-401a-a86e-9b1961e1b2f0,-,,Davis Mills,QB,HOU,2025-05-05
9897f1db-94bd-4dd6-88a2-e0b4666b86bc,c3059018-0cee-42a7-8ad4-e11aa6c5bfe5,-,,Clayton Tune,QB,ARI,2025-05-05
dbff836b-ad84-41d9-aa3b-e53dd3dbf4b1,fb090786-d8de-4e8d-9db9-04e89e44ea63,-,,Taylor Heinicke,QB,ATL,2025-05-05
da4fcb56-a1ec-457c-ad5e-ca45747e6582,61ced104-e70b-491f-9210-b9314023d3f6,-,,Jimmy Garoppolo,QB,LV,2025-05-05
f1b84da8-7ded-4fe5-a6e7-9c2940670b12,ae5f5999-10aa-4735-81c6-dbeda5400ad8,-,,Xavier Gipson,WR,,2025-05-05
3135942c-874e-43ed-9255-a90300b1cbce,7e6f6802-ff96-4ef9-8e01-14724b993253,-,,Craig Reynolds,RB,DET,2025-05-05
1d1a993c-f824-440d-b1b7-212bf6b707db,76270f2d-4939-47d5-882e-981a5d07f2a7,-,,Tyler Badie,RB,DEN,2025-05-05
ab5f1858-7017-423d-b2d9-baf6f76b3956,cfda7604-30c4-46e2-8e15-0ad49955bdd6,-,,Clyde Edwards-Helaire,RB,KC,2025-05-05
3979145f-4c16-4924-80f0-705360a04971,7cbb0d09-0c7d-46b2-98c7-c585c8054116,-,,Trent Sherfield,WR,BUF,2025-05-05
aa755072-4470-43b8-99b0-e637bdb48100,e9d6f9da-9f11-433e-b041-f49493e79515,-,,Pierre Strong,RB,NE,2025-05-05
a1eeec5e-42e5-4c9e-b4ab-5e7556305238,5e48750d-552e-4c64-a107-e8d781f8b2da,-,,Durham Smythe,TE,MIA,2025-05-05
67aa5eaa-a054-483a-be79-346a535ad1c5,10a4ea60-c8e3-4e3f-b407-3636348067a1,-,,Ashton Dulin,WR,IND,2025-05-05
b5f6b952-eb8f-43c5-ada9-1ad1111a4a67,bc2f280a-707a-4eaa-9979-0d7d64b219ad,-,,Avery Williams,RB,ATL,2025-05-05
050c82a0-9b23-47f0-9e2d-0d4af1f811e9,5ffeb14e-0840-4016-b782-bd17b04cc1e0,-,,Xavier Smith,WR,,2025-05-05
4b847521-bdfd-49ed-9794-2c33bb6287cd,1780471e-fbac-4850-8e9c-168943f95f1f,-,,Eric Gray,RB,NYG,2025-05-05
76be2e49-10c9-49a3-916f-58b8ebb274c6,81f2797f-b692-432d-b2e3-a0f897179e54,-,,Julius Chestnut,RB,TEN,2025-05-05
1fb9042e-ca9b-4f2d-84b5-0ea6d0513acc,60454cb5-6295-42e9-b0bb-1058245c62df,-,,Mo Alie-Cox,TE,IND,2025-05-05
440305ca-a0a0-4eb7-b200-6fe732f0cf7c,0bc2e7fa-b5e5-4570-9709-0fdeb1ab5884,-,,Davis Allen,TE,LAR,2025-05-05
57026f14-db35-442a-8cde-b5357cbca275,b6e02823-0ccf-45c3-b407-8b999e029957,-,,Kenny Yeboah,TE,NYJ,2025-05-05
65d635d1-4824-4797-b798-baf0b4a38568,600a0f50-3511-4795-8543-25c7a167e915,-,,Jase McClellan,RB,,2025-05-05
00f0e45f-a7fb-4048-95ec-c9521cbf3a35,429bbcac-a81f-474e-9306-00a3888de9da,-,,Keilan Robinson,RB,,2025-05-05
63e98a47-ab10-4f11-bfc8-15760ef2441b,4c5173c1-c942-41ef-8eff-b4ba9d819402,-,,Devin Duvernay,WR,BAL,2025-05-05
062b2a91-b675-4734-b41b-b4e6ea4a401b,db7b048c-ba3a-40be-9187-a81de14d0123,-,,Deuce Vaughn,RB,DAL,2025-05-05
02c58e70-da47-4bbb-a925-97a5a7cfdcab,06e79d6b-ad86-4a69-97d8-40470d70fdf9,-,,Tyler Scott,WR,CHI,2025-05-05
bae7cd0e-42de-4feb-9e50-96dab6bcd650,68174c3a-e18e-4623-b8e0-29c831b5cc65,-,,Travis Homer,RB,CHI,2025-05-05
b2e72d2c-aaa9-4a83-b7b3-eba29f56891c,bcedd3bb-a8a1-43ef-b90a-194fd9d2ef86,-,,Braxton Berrios,WR,MIA,2025-05-05
0537e91c-5bca-4968-86c3-7040af95998f,8e657894-cbf8-4464-b60c-c9cf9aa2520b,-,,Raheem Blackshear,RB,CAR,2025-05-05
da1f8a98-3836-45d8-a651-0aa945c0327d,5a90c629-0eac-42fd-bfce-1cb7e8021c72,-,,Andrew Ogletree,TE,IND,2025-05-05
8ecab4bb-74e8-46fa-8ecc-c4d98cb98968,dfae7416-023b-4d71-a89d-b52e203b2fb8,-,,DeAndre Carter,WR,LV,2025-05-05
88c47340-0bce-4c1b-b7db-a039354115a3,3ad0f7b8-98d9-4556-bf90-f432a56345c9,-,,Hassan Haskins,RB,TEN,2025-05-05
c23672c1-a7f9-4537-97a4-b999a2e3cf40,b32c9f52-1f85-4de6-84d6-a11183ad8829,-,,Ian Thomas,TE,CAR,2025-05-05
fa4a9b69-bec2-4a29-b93f-66981407322f,e13ef851-71c4-44b7-a5d6-71b594dc307e,-,,Johnny Mundt,TE,MIN,2025-05-05
5eee012c-39c7-4468-a185-7e02a1f4c6e5,97919afd-7439-44f9-9e2b-9f0f1478e5ef,-,,Patrick Taylor,RB,GB,2025-05-05
708ad3b5-091e-4ea1-82e3-8d6bf6f2f67f,91b36e3b-3cff-4ff9-849a-9771591a62a0,-,,Eric Saubert,TE,MIA,2025-05-05
05e01406-68cc-491d-b473-70997a76eb1f,81db294a-396b-4450-af6f-0349ba219817,-,,Rakim Jarrett,WR,,2025-05-05
794f2151-81b5-4812-8e86-6e45efbd5e61,53ffaf45-c3aa-4a6c-a459-0a5259b4f104,-,,Trey Palmer,WR,TB,2025-05-05
c290fc79-b219-43da-a1fc-f62c363c2908,e0cee736-2dcd-457c-8c87-00dc56bb6856,-,,Ronnie Rivers,RB,LAR,2025-05-05
64231658-3a61-4767-b0de-cb16cf77b66a,35490f3c-4283-47e7-b260-bc73e4b0139d,-,,Cedrick Wilson,WR,MIA,2025-05-05
e48b378c-07a9-4d93-a870-4fc4cb2e6500,0b8759c2-8448-4908-a035-0abfe777ce3a,-,,Dante Pettis,WR,CHI,2025-05-05
dd2afcbb-7056-4832-abe0-9a2a3eff2fc0,6e4e0254-03c3-4541-9481-356b99453e96,-,,Greg Dulcich,TE,DEN,2025-05-05
03d4f85a-ef42-49ab-91ec-1e8ef68049c2,059cf5f1-9107-4c53-a592-b377cd95242f,-,,Chris Manhertz,TE,DEN,2025-05-05
d7ba14fc-4213-4d3f-aa35-15019be03b2b,38534ff5-ba96-4cd7-9122-31902e18ec83,-,,Chris Moore,WR,TEN,2025-05-05
37f8ca22-97c6-49a6-a210-7a78961c287b,8bfd53b9-f4b9-4b7d-a420-bf8df4edb148,-,,Ihmir Smith-Marsette,WR,KC,2025-05-05
960d4cde-3ea7-4500-81e2-2ecd3ca9b16f,c9e8fd75-195c-4759-b045-52f47fc1afda,-,,Wayne Gallman,RB,,2025-05-05
972c1fb3-e982-4a71-8940-3173fae3ca21,ff84664b-1118-41f6-8140-8a2c67ed4077,-,,Kalen Ballage,RB,,2025-05-05
973beed9-590e-4989-95df-3bd30dee1a63,0a971044-f280-4894-96c8-df7481fc53a5,-,,Jake Fromm,QB,WAS,2025-05-05
97a49cd0-3a0b-463b-bb72-53a115fae91c,7ba348a3-0a0a-4134-abd6-bf86cea35828,-,,Chester Rogers,WR,,2025-05-05
97cc4344-caca-461e-a75c-43bd6c487165,ecb8932a-42c9-4dce-a1bd-e0a0aa21406b,-,,Jacques Patrick,RB,,2025-05-05
996dbd98-682b-4930-818d-b74d21718d5d,cdded231-dbf3-415f-9374-8d35c089cf9f,-,,Larry Rountree,RB,LAC,2025-05-05
99eab2d0-d97f-4e0c-9730-accf1a67a9ca,bbc2b540-8a00-4d9a-b814-1eec5e92c75b,-,,Alex McGough,QB,,2025-05-05
99ff2014-55a9-48af-a585-b1b8bb1faaec,84e60fac-dddb-4870-891e-94a3c9f1c9a6,-,,Jakob Johnson,FB,LV,2025-05-05
9a1883a7-1005-4a01-bc98-ff95f450b3c3,d21ffffb-a8ff-4ecf-b2fb-86bc5571e7c4,-,,Teddy Bridgewater,QB,,2025-05-05
9a3e2ed5-348f-4c37-9f27-8ee90a36af54,3e5b4a8f-5c87-46ee-bbe4-c3df642ee23b,-,,Nick Muse,TE,MIN,2025-05-05
9a8ce777-c5de-4437-9c3d-2e4aab353aa0,6c05a3ab-6447-417e-986b-c713baa80595,-,,La'Mical Perine,RB,KC,2025-05-05
9aedf5d8-48ec-46c8-9a59-334ac2a51d2b,b3bb8637-2341-4f4b-af01-22c8e6cb9e87,-,,Richard Rodgers,TE,,2025-05-05
9b18c7fd-c651-45ed-b15a-0d4a12136cb8,09e53f61-1fb8-4e59-972e-52522e99170d,-,,Trey Burton,TE,,2025-05-05
9b2928e4-8d92-45c0-8641-2d5248fa295b,6081a58b-7ae0-47e1-add6-c028d14c53e2,-,,Albert Okwuegbunam,TE,DEN,2025-05-05
9b41f0f6-dbdd-4fdd-ab9e-6a9fbbe618dc,9453991b-18ed-4f93-9ebf-959f6024fc12,-,,Matt Landers,WR,SEA,2025-05-05
9c4763ce-b391-4012-ab29-78c3806c961e,714c794c-5785-46de-8fd0-1ad03d48f2f6,-,,Tyler Van Dyke,QB,,2025-05-05
9c609144-ccec-4250-ab9e-bbc5bc201f38,f951a6bc-2ddd-47ef-b7a2-58b59d256e3c,-,,Sammis Reyes,TE,,2025-05-05
9ca2c266-e2f1-40b4-a265-edb4ec86f32a,f8bdbde8-afae-4a23-ac5b-231bd7eeeeab,-,,Dede Westbrook,WR,,2025-05-05
9de89cbe-f069-45d9-a6d6-c88fce9078f2,08804ef2-c983-4ea2-b7c9-325628a1e45a,-,,D'Ernest Johnson,RB,JAX,2025-05-05
9eae211b-eafd-4bcc-8550-e611f8a44570,1e21d975-86cd-4ec5-a056-e5bff2b6556d,-,,Josh Pederson,TE,,2025-05-05
9ede41b6-e357-49c9-8586-a5fdd1c3dc64,ac8d73bb-7129-4ebe-865d-851a3ccc90ad,-,,Salvon Ahmed,RB,MIA,2025-05-05
a0483c97-768b-4bee-9eb0-3d1d54db3cd3,03ab24d3-6ea1-4858-b22e-640d69fe9648,-,,Abram Smith,RB,,2025-05-05
a049cde8-7987-485f-8a3f-9fefe238f1bc,88f49e7b-9a9b-46fb-8a5e-e86b861d4796,-,,John FitzPatrick,TE,ATL,2025-05-05
a05f2525-db36-485a-be5c-140a6b9c3b43,237cf3d6-f890-4c40-810e-24ed46343fd1,-,,Dalton Keene,TE,PHI,2025-05-05
a081b0d4-1573-47e1-9cdc-2ca7c2957b8f,d6526d21-cca1-4a63-84fe-aeaeeefc7bbf,-,,Tyrie Cleveland,WR,PHI,2025-05-05
a0c5d85e-4625-4ea7-978e-35f4a6274765,e0ff4ee7-493b-41b8-8c05-1039d00efed8,-,,De'Anthony Thomas,WR,,2025-05-05
a1ef6228-71bc-4542-8659-9f51042112b8,5fa841f0-79fc-4ecb-94f2-201828fa7dab,-,,Deuce Watts,WR,,2025-05-05
a2063443-6f57-43e3-b29c-1aae2cc3f9ab,e401a33a-381b-4aef-ab7e-17712db7519d,-,,Kearis Jackson,WR,TEN,2025-05-05
a23604c6-a935-4457-ac0c-cd01bfc68e2c,3d05f6c2-c1ab-47a0-bc34-39da72eb3e0e,-,,Zonovan Knight,RB,NYJ,2025-05-05
a2605cd1-347a-44fd-a403-e99132d42fc7,f405f507-36b0-4df1-9bed-afedfe801e3f,-,,Keelan Doss,WR,LAC,2025-05-05
a2c523ed-6b04-4924-842e-040843bc1b67,f47cdbe0-d64c-43e9-a75d-83aceb96372c,-,,Matt LaCosse,TE,,2025-05-05
a375ecc5-0316-4c30-b19f-fc1cef72987a,5f1b36de-f199-4398-baa3-d67458035896,-,,Chris Blair,WR,,2025-05-05
a3e318b9-6491-464d-8bd7-47d140d78ada,3509fb2d-290e-463e-a200-91811aeaa68f,-,,Duke Johnson,RB,,2025-05-05
a526f07f-1950-4227-a9c9-78e4bd87db85,348b5dc8-e106-4ffb-b058-ee609e9e0a6e,-,,Charleston Rambo,WR,,2025-05-05
a53e4297-fa2e-4692-924d-f73814ebe9ce,05d98712-5287-44bd-8fe6-5a691fbc6d18,-,,Jesse James,TE,,2025-05-05
a6246366-6822-475e-9308-195710dee5f9,66089393-f3d1-4720-8763-87e0ddb206d0,-,,Shane Buechele,QB,KC,2025-05-05
a649b9ea-57cb-434f-a075-eacf1e01c093,48b9f1fd-bcbb-476d-9ddf-610502310dad,-,,Simi Fehoko,WR,DAL,2025-05-05
a6ce74fe-2983-436c-bbaf-395ee2292349,ecdc9d60-8a41-4a9c-ac5f-8c2e317ae109,-,,Tyrone Scott,WR,,2025-05-05
a71f8896-f5c8-4b55-8460-cd5f42065237,f011d837-1cab-403c-8bca-51bc77f686ec,-,,Colton Dowell,WR,TEN,2025-05-05
a7e4430c-5dd0-4b46-b97b-1116032728b6,e2403548-a524-4f15-a76b-fe6078af80e4,-,,Kadarius Toney,WR,KC,2025-05-05
a899dc77-5c80-4ede-8862-8b24a8c48d17,6e9df746-d5c4-472e-af68-e2c4331a7fe6,-,,D'Onta Foreman,RB,CHI,2025-05-05
a96b141a-dec9-41b3-ab0a-a4e40d1fea0b,7431ac9e-a62f-4721-834e-a9327e2f8797,-,,Paul Richardson,WR,,2025-05-05
aa28d689-18b9-41a4-ad27-db3fdbf86714,1af1ed2e-49c5-4e89-8e19-d0492d2dde71,-,,Andrew Beck,TE,HOU,2025-05-05
aae1f264-b17d-4418-8fe7-262b12d81974,9bac385a-16a2-469d-adf8-1b1192547421,-,,Xavier Hutchinson,WR,HOU,2025-05-05
aaf93b95-24e4-4d85-9c31-db969778f146,7ea783ed-bbef-483e-bd3a-7b34eef06d5f,-,,Phillip Lindsay,RB,,2025-05-05
ab6a143f-88c4-4018-a420-1e2dd32b5f92,1e5330c5-a525-46b2-8425-ed0895ffd2a2,-,,Shi Smith,WR,CAR,2025-05-05
abf3370c-4935-40a0-8880-2570ca29ac7a,5e6778cf-2357-4dad-a725-36eb83bf7486,-,,Dennis Houston,WR,DAL,2025-05-05
ac635792-e358-4be2-a3ac-2c91718cd6ce,d4d1c7b0-64ff-4ce1-b5b3-be8173f4e359,-,,Jack Doyle,TE,,2025-05-05
ac73b896-bbe0-41bd-b2d8-1119bd2d7727,5015aead-f8b4-419f-a711-517786575595,-,,Caleb Huntley,RB,ATL,2025-05-05
ac7b81f2-6624-452d-aace-115f5f422e92,3bd9f2fd-b8a7-4447-bef7-91d22e5ceb6e,-,,Marlon Mack,RB,,2025-05-05
ac9dec03-828a-4483-9f1f-c0a654acc2ee,6138a0a8-55c9-4f5c-8c1e-38eed1b9a675,-,,Stephen Sullivan,TE,CAR,2025-05-05
ad4226c3-e52e-4c70-9962-22a58125da20,ce86296c-ef28-4b01-8363-c3d4cb5470f7,-,,Mike Strachan,WR,IND,2025-05-05
ae908085-1980-4b24-9d55-95bcfbf3d79d,75768915-8483-4ce8-8f8f-b1f5c672cf5a,-,,Thaddeus Moss,TE,,2025-05-05
ae9e712e-8b2b-4d0e-a494-738ff5f5eafd,875c08ba-6676-453a-98d4-27dc7d74e827,-,,Logan Woodside,QB,ATL,2025-05-05
afc6203e-b823-43b1-a982-e47c6e02349d,57be2de1-9750-4c92-a330-b490c7362c0c,-,,Jermar Jefferson,RB,DET,2025-05-05
afd8cf52-8abe-40a0-bec5-1f91ff92509c,fa35326e-2e59-405f-8913-f7711f5aa054,-,,JaMycal Hasty,RB,JAX,2025-05-05
aff422e4-cdde-4b40-a119-dcb6e2c7f127,f890e136-8de0-472a-a698-3b17da4f050f,-,,Julian Fleming,WR,,2025-05-05
b091b534-2a8a-4c5f-a016-3076add8e56c,abc11d92-139b-44ab-9a8d-52e6972676f2,-,,Sammy Watkins,WR,,2025-05-05
b09f1bb1-7368-4903-ad7a-7015086edf5c,b030ee61-d44b-4cb7-976a-2b2d8885befd,-,,Nate McCrary,RB,CLE,2025-05-05
b11c0a15-e76b-46b9-9e12-81035b21a253,75b9a5f3-1825-4653-8a8d-28d114adc1f3,-,,Nathan Peterman,QB,CHI,2025-05-05
b161a885-fa3a-4212-9eb6-52e96d90fc80,714d5c65-5248-4e1b-97db-fb6a32344d5f,-,,David Wells,TE,TB,2025-05-05
b23f1731-422b-41ea-afbd-bbbcf72ccc5c,58ff2712-13c2-4025-bcb7-9c7fadac4e8c,-,,Melvin Gordon,RB,,2025-05-05
b26018fd-f5f4-4bc2-a8f2-b39a994f5aaa,15c150c0-eeb8-4228-b98b-391a20464ef7,-,,Eric Tomlinson,TE,,2025-05-05
b296ec7e-8888-4d9e-9c82-aa2b95679e21,e68bc769-aa01-475b-b738-7c390020ab37,-,,Sean Clifford,QB,GB,2025-05-05
b4e55a92-8a10-4d33-a315-baa486010eb8,27276d8b-19ee-4222-9312-9a83039f7427,-,,Trishton Jackson,WR,MIN,2025-05-05
b554c8a7-771f-47a7-b29e-999b7afe6896,88baddb4-a33f-4433-a1be-dc8042c8e4a5,-,,Mathew Sexton,WR,,2025-05-05
b5655c3b-b9db-45ad-b96d-693236f59f19,1e0b5146-5d52-4162-b34d-984121c59d92,-,,Tyler Johnson,WR,LV,2025-05-05
b67acb3f-2e61-42d4-9053-1f35aa979680,13057098-cc2b-4996-b92b-d0eb1fc86068,-,,Blaine Gabbert,QB,KC,2025-05-05
b71975e8-5447-4e30-9d8c-b3a4f5862c05,252d5fc0-fa09-4942-9de4-8cbe4cc43c1f,-,,Steven Sims,WR,HOU,2025-05-05
b87be9af-a803-42ae-9bb1-fc1895aab2cf,b7653257-f52c-49af-865d-f5bd16f4783d,-,,Tyree Jackson,TE,PHI,2025-05-05
b8dc9dff-277b-4f22-99b8-b88aff5b8260,82ad0764-47cd-4497-b192-6d43fb8af08f,-,,Dontay Demus,WR,,2025-05-05
b902cf76-7340-4299-aef1-be32cb1bf219,fb4f8919-1a38-43af-a6f0-841403e012ce,-,,Kevin Harris,RB,NE,2025-05-05
b90ad413-0396-40ae-a339-ac98a0dc529c,47d66d75-6983-4038-a54c-c81b9db1f9b9,-,,Davion Davis,WR,,2025-05-05
b9c47b4d-6613-41e9-9922-4b7f9e4ee531,3e3f5b2f-dd17-4f48-ab56-fbd6cc7a61b8,-,,Mohamed Ibrahim,RB,DET,2025-05-05
ba24cba4-ee7a-4587-98a4-157e8a289ce0,0539dc1b-a6cc-42d1-af41-3ece95e7c4f3,-,,Jalen Brooks,WR,DAL,2025-05-05
ba868a43-9081-42df-a799-88cad026c166,8d66c5eb-1eb6-4ef8-9f74-f84716fa60fc,-,,Jaelon Darden,WR,CLE,2025-05-05
bad3a376-84a6-4b90-87fa-59c97f198690,3cd91567-2eb5-4a43-a64d-59a4235e5508,-,,John Kelly,RB,CLE,2025-05-05
bc4c04e9-a4ac-4009-9150-0be9c5b71388,9a5f030e-a843-4a54-87aa-4a08fe407401,-,,Theo Riddick,RB,,2025-05-05
bc517d38-e712-433b-88cd-ff8dce6bdb09,a863d144-7cda-4c94-853e-10b442a2b990,-,,Hayden Hurst,TE,CAR,2025-05-05
bc844186-dd71-4f86-86a1-7a8e56f8087e,786239f0-1d51-4b4a-8558-cd43db2113e9,-,,Michael Bandy,WR,,2025-05-05
bcaafe01-78b1-499e-9919-c7df6b49e9c2,5596500e-ca2b-44c2-abf0-725506558a5a,-,,Ke'Shawn Vaughn,RB,TB,2025-05-05
bcf77fcb-7a25-4b2f-8ca8-6eabba6ae736,1a03703d-3b3f-42e5-861a-98f5b1b050d0,-,,Danny Gray,WR,SF,2025-05-05
be519dc6-e403-430c-ad17-2c59f3fddde6,48c8c802-0daf-4222-9b17-85d092c54b9c,-,,Deon Cain,WR,,2025-05-05
be997ba9-f929-4503-a814-4afca3638b51,8d87a855-ad6d-463e-a1ec-9d61e39fdd37,-,,Adam Prentice,FB,NO,2025-05-05
bebbd1cf-d620-4e9d-a2bd-30c84fe87b13,51fa7a91-93c6-4aa5-bf9c-1347f419b995,-,,Tyquan Thornton,WR,NE,2025-05-05
bece7979-35cc-42a6-9efb-85dbe73f7026,a1a5134e-4147-4e1e-bc4e-fa09bda99277,-,,Xavier Grimble,TE,,2025-05-05
becf8e97-c557-4368-941a-4bebb681422a,133a4844-b2a4-466a-959d-eeeec03eb5dd,-,,Isaiah McKenzie,WR,IND,2025-05-05
c0000423-b53a-4466-b880-364d0ad8f955,dc1ddf1f-55ef-41d8-a6bb-9b0e6f09831b,-,,Skyy Moore,WR,KC,2025-05-05
c012c037-ad9d-4115-9acf-25f539c5cb15,1bd7b256-4a5c-4568-b75f-bdf53a24cdf1,-,,David Sills,WR,NYG,2025-05-05
c05ea5c7-1c39-4321-ab82-e07552c59765,f3444c97-3d7d-4987-9844-64469a914f18,-,,Terrace Marshall,WR,CAR,2025-05-05
c06ed403-d45f-4d1e-ac4e-703d31f4e8bf,703faa63-9cfe-4bf5-95a7-f92019fbb26a,-,,Marvin Jones,WR,DET,2025-05-05
c1148011-ef76-4f3d-807c-cf0cd3e28c1c,1dd8ef88-930d-461a-b2fe-33b31cb82ef4,-,,Willie Snead,WR,SF,2025-05-05
c1e11015-c487-47ef-a529-f6d02332642b,e7196a07-4d7c-49e0-b67f-1a04815b2d98,-,,Ty Montgomery,WR,NE,2025-05-05
c220730e-25df-4ea0-b521-abc362bcd8c1,ce422a7c-2ab7-4b92-8cd4-c3d27eff095c,-,,Montrell Washington,WR,DEN,2025-05-05
c2605b15-b1c4-485d-b46d-fc2bc0b736f2,6f2c6b80-e459-40cb-b79c-7c4c85090213,-,,Penny Hart,WR,,2025-05-05
c2f492cd-f5af-4970-b54b-c2f3c2116606,9b47db2f-b03f-4e6a-8c34-109961413742,-,,Brandon Smith,WR,,2025-05-05
c3e5ec2e-9b87-4996-89de-cea3a1cffd3f,506a28be-3709-494b-9614-7aeaa5d96b5f,-,,Seth Williams,WR,JAX,2025-05-05
c3f6bced-96bf-482d-8b5a-f9158c830b25,fcf02ad2-d121-4ad4-a4f3-11286442cebd,-,,Bailey Gaither,WR,,2025-05-05
c4d07114-169b-4f01-8e21-b0b7c0ea9492,684fc58b-2c49-4dd8-9b55-02df290597aa,-,,Byron Pringle,WR,,2025-05-05
c4df3967-7bc4-426d-8f4c-14e065926e8f,cf90b7b8-1c52-4aa5-b766-44c2f61db7aa,-,,Nick Vannett,TE,NYG,2025-05-05
c4e6db30-f698-4ce8-9e10-4cbf37f91ca6,09cb280b-7e4b-43f9-b742-07227972080f,-,,Khari Blasingame,FB,CHI,2025-05-05
c6678ad0-cf31-45ea-af25-220c9aed8988,06cfc2e1-7494-4093-9c79-488681e373b9,-,,Cody Latimer,WR,,2025-05-05
c683986e-2a9b-43ff-ad72-fdbb1b29e453,078c2be9-969a-442a-b799-f5b5377d4811,-,,Jason Cabinda,FB,DET,2025-05-05
c6f82e0d-d428-4251-ba78-be5a39b865b5,40359144-a3b9-40e1-b1cb-8e9a4d3994c6,-,,Lee Smith,TE,,2025-05-05
c828fdc3-322a-4499-b591-76a6eb462ff5,b2c597cb-afce-4dfd-ba31-275b86dcf795,-,,Damien Williams,RB,,2025-05-05
c89229aa-9a0c-4877-ab3e-0a0de6b45909,7fee807d-be87-4220-b14d-e696e5505989,-,,Travis Vokolek,TE,BAL,2025-05-05
c8ff603c-efa5-47f8-8c24-ff40628153bb,ee408b18-26d1-45e8-bad0-2e7811adb3e5,-,,Brian Hoyer,QB,LV,2025-05-05
ca20af66-2835-4e7c-8c3d-db134ccb3696,88e8a6d1-fd86-46db-9e4e-0eb5b8fbf823,-,,Mitchell Tinsley,WR,WAS,2025-05-05
ca6e93a9-1a8e-4cd9-9a91-529fa2fc365e,8e6bee21-668f-49b7-9977-d33642677c76,-,,Jacob Copeland,WR,,2025-05-05
cbea1b22-e4e6-4876-a493-7ec5cb0168e9,8a3c1010-e655-44b2-961b-be21c6582ac7,-,,Pooka Williams,WR,,2025-05-05
cc2753bd-f9a0-4e25-b5c8-55c00c4d0c44,732d9e9d-89ea-44b6-a3af-53335718fcb1,-,,Lew Nichols,RB,GB,2025-05-05
ce9241de-3e1e-42e6-9a52-f2c8a66255b6,c1dbe39a-c909-4e1e-8952-b31f6f237df6,-,,Jarvis Landry,WR,,2025-05-05
cec50951-3dd8-4e9d-b9ff-892586899b9b,ad8ac510-e3de-4892-9572-171165ae82b9,-,,Feleipe Franks,TE,ATL,2025-05-05
cedf720a-92ea-4ab0-9f26-56763185fa3e,3af0387e-ef50-4742-ac55-e44e90eaf93f,-,,A.T. Perry,WR,NO,2025-05-05
d013e217-a4c1-4222-bd8d-5d8207393c06,388ddf77-e2af-4540-b4af-a718f0124e6e,-,,Breshad Perriman,WR,,2025-05-05
d0284725-bbe6-44de-a94d-2ed66b1ffee9,68dc655d-e697-4753-a723-a759a9911ec9,-,,Derrick Gore,RB,NO,2025-05-05
d1060e4e-55af-4fb8-b1f4-1552ffe7946a,4e095da6-5de5-4123-8d01-1cbffb761394,-,,Kirk Merritt,WR,NO,2025-05-05
d11e93fa-37e7-4ea0-bce8-259d5f3e3ae0,df150a57-30c7-41d8-8f14-77c40cd38fd9,-,,Andre Baccellia,WR,ARI,2025-05-05
d1875101-d266-40bd-8961-6babb5803c14,06571d93-622a-491f-b241-be361cb2e5ff,-,,Ameer Abdullah,RB,LV,2025-05-05
d1d66ef7-ca0c-4533-9d1c-315ae977dc9a,d125cfb6-8766-4fc5-a436-64c5b0b19dcb,-,,Spencer Brown,RB,CAR,2025-05-05
d2388b82-d230-486c-96eb-745015fae398,ed0b21cf-64a2-44b8-9d5f-442aed878ce6,-,,Noah Togiai,TE,ARI,2025-05-05
d2f0b700-d2ad-4b83-ae1f-9ee036a69959,c5d0be73-4304-4ab4-b4a2-b7a9cba329aa,-,,SaRodorick Thompson,RB,NO,2025-05-05
d2f37b2c-e19a-4438-bd1d-8f57866ae6f8,5eecd2ec-ed9b-42c9-8961-dff74dc889a5,-,,Jason Huntley,RB,PIT,2025-05-05
d3507868-a118-4ad3-ae63-6f92a00177b2,f7e9c5ff-ad4a-4fd8-b62b-693842b39d3a,-,,Keaontay Ingram,RB,ARI,2025-05-05
d35948ec-0cfa-4f5b-b126-e9ba9a49a1d8,1048a3a5-5817-47dd-a714-ca0c518a955c,-,,Lance McCutcheon,WR,LAR,2025-05-05
d4d983ba-11d8-45a7-83f6-344894824c34,91825171-c173-4090-a2a4-b8ce15b17be2,-,,Stephen Carlson,TE,,2025-05-05
d585d58f-f700-4a00-bfee-3670fa0a9269,30e9ae9d-a244-4ae2-8c2b-76ab3decbb0d,-,,Gunner Olszewski,WR,PIT,2025-05-05
d61b1c51-4e15-471c-87dc-4d627fb25769,4a8dfda0-4799-466b-af25-2fe1c00b01f3,-,,Brett Rypien,QB,,2025-05-05
d7432e7f-d80f-4424-ad73-9022d887cdb0,76fce8a2-7843-4369-ad81-c2837868ddda,-,,Kendall Blanton,TE,KC,2025-05-05
d864e210-a219-4527-928b-cc8e6c8adb40,b067967c-394a-47c8-8863-4d14b7d1d254,-,,Dax Milne,WR,WAS,2025-05-05
d8ef4f0f-4714-47c0-8951-0f3d3c7e524f,5a06a364-0c19-4cc5-be0d-f6ed33db9b30,-,,Mike Boone,RB,HOU,2025-05-05
d9127745-407a-4a32-b3c4-d6ec79f49e20,ed8cdde6-be75-48d4-ac1e-05a49035193c,-,,Dorian Thompson-Robinson,QB,CLE,2025-05-05
d93047dc-9ee8-4cdb-a609-980f503d4a53,3739608a-97c0-4eef-aa3f-c39b049bd703,-,,Payton Thorne,QB,,2025-05-05
d9bef12d-1943-4a63-9128-7b084b058a59,b2fedf9b-ecf0-4f8b-af7b-bd0920ea45b7,-,,Corey Davis,WR,NYJ,2025-05-05
dac4b7a3-3029-467c-8a9f-07354d31719c,de7041bb-b56f-4bb4-847a-c9892bda0b1b,-,,Jared Wayne,WR,,2025-05-05
dacbde67-3b91-4167-a46a-c8a708385781,b6a6b3b1-d57b-4cf3-8c92-ce73b4a9d8f9,-,,Tanner Conner,TE,MIA,2025-05-05
db518c6f-8162-4631-91a0-de154b5b82a8,16c96332-6b0d-48fc-a054-0fe191422dc6,-,,Easop Winston,WR,SEA,2025-05-05
dbb74202-be23-48ca-abe2-918e09c89390,2e6bc014-38ab-4d5e-9dbd-5ea00d40b743,-,,Ronald Jones,RB,DAL,2025-05-05
dbf11098-46e6-4e9a-b7bb-a5c9dc2834ab,f8d1ae78-7bbe-40f4-9b24-a5f384de240e,-,,Leonard Fournette,RB,,2025-05-05
dcc3b361-068b-40d7-9c88-3a98568bb25a,b2382f0f-6499-4c1c-b630-539964c59546,-,,Jalen Guyton,WR,LAC,2025-05-05
dcdd0475-eb95-4e0e-acc6-3b64f540d75a,f3a5c04d-f5af-4f6c-8cf7-7af190f50cc6,-,,Chris Evans,RB,CIN,2025-05-05
dd54d7d7-33df-4c88-8662-9319dfefa434,a11b657b-4893-4bd8-9b4e-bf951554fb1b,-,,Deontay Burnett,WR,,2025-05-05
de32069b-e362-4fe8-9319-7d16a86d0814,a78c336a-f043-4845-b2d3-47b48a24a214,-,,Chris Pierce,TE,ARI,2025-05-05
de88a785-39dd-4c5f-b633-18095c857d61,7a0ab36e-fb37-4ccb-a0cc-631708972942,-,,Damien Harris,RB,BUF,2025-05-05
deafb595-de59-4f91-81d8-df3cc542537f,5f155641-2aa3-4159-9540-5776019aedad,-,,Cornell Powell,WR,KC,2025-05-05
e05e298d-8ddd-4b6c-99da-185ab1567600,7ca8cb1d-4dff-4015-94e4-45ce09087af7,-,,Keilahn Harris,WR,ATL,2025-05-05
e0ad6498-c03a-49d1-badc-9e2bc83b6f9f,3763793e-a9ef-4af2-b711-a3e597c68fee,-,,Zander Horvath,FB,LAC,2025-05-05
e13ea118-01e4-418d-a70b-a481d347c91e,88ad20bb-1f50-4818-8b4c-93e72c0f97fc,-,,Jake Haener,QB,NO,2025-05-05
e2dc33b2-151b-4ba1-ac10-5cfa73dd15ad,46f5c977-369f-4672-805b-d5f3b61601a0,-,,Justyn Ross,WR,KC,2025-05-05
e3280d76-4213-4f18-a416-55c1714d97ee,a23ada60-09cb-4e45-9bd1-f35daea52e25,-,,Erik Krommenhoek,TE,,2025-05-05
e3422cc6-307b-4797-9ac2-46a18633757d,ad974ca0-9a05-40ee-aeb0-71d0a96164d4,-,,Godwin Igwebuike,RB,,2025-05-05
e426ad34-123b-4767-bb22-de33f45b7f76,ea2596f7-2bfa-48b5-8b79-91d14fec34f1,-,,Nathan Rourke,QB,JAX,2025-05-05
e54566cc-09e1-4bd7-9b04-3784f7429374,51acbf2f-966d-4213-8c23-b482a4f2e263,-,,Ronnie Bell,WR,SF,2025-05-05
e547f70b-15f0-4a5e-a9b3-5495d625c134,681c5989-5f28-4645-955e-dfefb0e221a1,-,,Duke Williams,WR,,2025-05-05
e55586fc-afdd-430b-a16f-ae8a20eba115,671f9989-f469-43a6-a7df-5ffc3e3c1469,-,,Justin Hall,WR,,2025-05-05
e574a906-aef6-4157-9c83-012abb1c469c,16a50953-fbe5-4b26-9170-c3246fe7d5af,-,,Jalen Reagor,WR,MIN,2025-05-05
e585dcfc-b444-4b28-9715-ad08ad56bae6,b245e35a-861b-4de5-8c65-ac63b3ab3444,-,,Devon Allen,WR,PHI,2025-05-05
e5867991-2deb-476a-b469-cb08aa388dda,91d0535d-dc7d-4422-82ff-abf56418a388,-,,Trace McSorley,QB,NE,2025-05-05
e615d50d-39c2-45b1-a8f2-61b13e8c2744,653b8ff0-6dd9-41a2-9175-0fcba9f06dc0,-,,Skylar Thompson,QB,MIA,2025-05-05
e6a93dfd-3009-44f8-be33-a83264ddf80d,e9f27df3-1fa9-4139-93a6-0b3cf66b40b5,-,,Trey Sermon,RB,PHI,2025-05-05
e70bd7e5-fbf1-450e-a0a4-5a69ea1d6d03,06aed1aa-6279-4ccb-9060-ab3b0091cc4b,-,,Brycen Hopkins,TE,LAR,2025-05-05
e78ee4f3-0eee-42bd-8a3b-c980170b5163,bcc30f17-0f7c-4772-9303-a6e4439409c7,-,,Dalvin Cook,RB,MIN,2025-05-05
e79f4336-6bfd-431a-b8fe-8f6e01cbb208,3e1e5a1b-a544-4031-967a-2e8ccf5b48d5,-,,Blake Bell,TE,KC,2025-05-05
e7cb590c-9180-4798-8685-1325ab8d079d,7c0893a1-8af4-430b-9b4e-d3e1e47cb5b4,-,,Laquon Treadwell,WR,,2025-05-05
e7cefe6b-8cc9-4178-88a5-c7f152714707,8bc4c091-5e1a-47db-a7ca-fc32595e42b4,-,,Racey McMath,WR,TEN,2025-05-05
e868a5de-a087-4140-aa7c-34708365ebf5,cac85860-ef0c-4e34-a7cb-65a8f4d4b799,-,,Shane Zylstra,TE,DET,2025-05-05
e9cfa710-d569-4df3-aeeb-82ac5f8b41c7,3ed3bfce-c9a9-4f42-8c0a-43702e7e449b,-,,Tre'Quan Smith,WR,NO,2025-05-05
ea2308d8-2da9-45be-aaee-e0dac3b8a830,83a9aeb3-17b1-4238-9331-043f6ab2f27d,-,,Brandon Thomas,RB,,2025-05-05
ea4d07d6-56ab-4610-aec0-92d9e354ac25,ebe7223e-f43b-43cb-b90b-083a1a575206,-,,Marvin Hall,WR,,2025-05-05
eac3ec4b-d47f-4e2a-8b87-28a1baa6bd8d,2647b1fa-7462-42f6-9c0c-7af8e832e27e,-,,Tim Boyle,QB,NYJ,2025-05-05
eacf11cf-c2e2-4eea-9318-7bae5304f304,0dc76583-d9f4-42f9-8a6b-5c07446602cc,-,,Matthew Slater,WR,NE,2025-05-05
eb4f10ac-d298-4b11-8f77-798a4a71e80f,530b2c58-6a12-4fa2-96fb-83c47ad24bbc,-,,Keith Smith,FB,ATL,2025-05-05
eb7e1bd5-4195-4c02-96c7-c12f5c6764e8,c20da9dd-e382-47a6-87d4-e33ab7a4d2ea,-,,Velus Jones,WR,CHI,2025-05-05
ec22f3ba-53e7-42cd-a874-bbd912ec638a,afc8de3d-259c-4ad0-9507-680e9e1c621b,-,,Irvin Charles,WR,NYJ,2025-05-05
ec56cff2-716c-4779-b1c6-0c02e2c65e88,2086b60d-00d0-4267-b0b7-7afa903902b4,-,,MyCole Pruitt,TE,,2025-05-05
ecba256d-87be-4f85-9764-b02a1468c04d,6ab0b134-baa8-4c22-8cea-a3c95d06f5a7,-,,N'Keal Harry,WR,,2025-05-05
ecdf1d91-4649-4b18-895d-91930ec9bdf5,dcf46004-4009-4b32-8e6f-1111c0038b15,-,,Deon Jackson,RB,IND,2025-05-05
ed21b10b-286c-4935-a6ca-cf5c26c7ffc5,2b583c0f-9170-4972-a65b-dedc29a66967,-,,Michael Gallup,WR,DAL,2025-05-05
edb2d04d-583c-4168-9d19-f846eda8600d,757851a6-79b9-4c5b-af7e-af0fcb9d5f80,-,,Donald Parham,TE,,2025-05-05
edc51131-d1e2-4518-bbea-a6bf4eaaa1f6,bfefc920-6a2f-414f-bf8f-b82f6eca72ce,-,,Tony Brown,WR,,2025-05-05
ee32445f-9efb-4efc-9596-755ddf904832,5d65d34d-ac31-470e-b257-884cd1988656,-,,Amari Rodgers,WR,HOU,2025-05-05
ee7a6cf1-33d2-455c-b57b-a733bcb8b7e2,dd6a5a18-8593-4973-93ed-953596f226e3,-,,James Washington,WR,,2025-05-05
eee9f50a-cc31-4384-9bb1-0e180d68f235,1b1876c0-21fc-4786-9c81-796dcce39265,-,,Russell Gage,WR,TB,2025-05-05
ef353316-d87a-4875-90da-0bd06a52274e,d3040abd-11b2-4c94-b5da-c9396d813955,-,,Deonte Harty,WR,BUF,2025-05-05
f081b4f9-2ccd-4915-ab58-5d4c2d4474e1,3bdbec18-8bad-4d9b-b172-2fbaa2e7a521,-,,Bryce Ford-Wheaton,WR,,2025-05-05
f1a78313-236e-4ab7-aa83-7e4ff8f80d0a,de0a9863-2185-4a9b-a8f8-857ee9af0d8c,-,,Robert Tonyan,TE,CHI,2025-05-05
f1cd0804-35ce-4526-8b5a-973446c4780f,a26700df-5f0a-48e2-866d-362d83de2aa4,-,,Trevor Siemian,QB,,2025-05-05
f230ac6e-04ae-4328-8160-93a55cf8f6ee,4bfe28e5-0792-4db9-a256-f0684cdbbbee,-,,Chase Claypool,WR,CHI,2025-05-05
f492d6b3-acfa-460f-a678-02fe836ba62b,3bbf88ce-3649-4fe3-b321-b2026d2e20e0,-,,James O'Shaughnessy,TE,,2025-05-05
f4edb15b-ac5b-40df-8a6e-9860fc014ccc,762d6ec0-ac96-4d34-95ae-69511a1d6654,-,,Christian Wade,RB,,2025-05-05
f62aaeb0-04d7-404d-b533-ccf77c3d19cd,5e5cc4d2-5112-4125-b79f-0808dc8d39b7,-,,Dareke Young,WR,SEA,2025-05-05
f65d247b-bf89-4e30-b75a-ed85faa8a94b,cd2ba131-3706-4ce1-9e6d-7eb957f5a6c1,-,,DeWayne McBride,RB,MIN,2025-05-05
f67eefec-df30-4839-bcd7-98ceb116f0d1,3417a79f-466b-4272-942c-ebdbfaf85b99,-,,Miles Boykin,WR,PIT,2025-05-05
f74682a9-c72f-42b5-97a7-dff9b791a4a9,0c0df20f-709a-408e-99fd-8cfaee14d56a,-,,P.J. Walker,QB,CHI,2025-05-05
f83c7a9d-a658-4599-80ab-eb6327b2a5a4,ef44b171-1cde-4949-8a3c-411ecd79d3df,-,,Michael Jacobson,TE,,2025-05-05
f84f170f-a16a-498c-9c15-e8015a9d5340,7bc0cdfe-cc3e-4112-8600-001b1ef77ec0,-,,Jake Funk,RB,IND,2025-05-05
f870edd3-ed0f-494c-8992-2d00082923de,879086a0-f8eb-4692-9596-81d2d6391a0b,-,,David Blough,QB,ARI,2025-05-05
f8bd4607-6779-4fab-8835-29e5e7f3d47d,34563ed6-4c32-415d-8dd7-d7204e553e83,-,,Alex Bachman,WR,HOU,2025-05-05
fa9507d2-ae6d-41b5-8071-a9ccd157f0a9,7d6efeaf-e52e-4a2a-8b6e-ccfe86c89d5e,-,,Darrel Williams,RB,,2025-05-05
faa366a4-8974-413f-96a6-3df1fab7e713,243a35b2-3f50-46cd-a281-9195ab7265b6,-,,TJ Tampa,WR,,2025-05-05
fb090fdc-4873-4bf5-8eca-21ddf5e442cf,bd6ca3b5-46e3-496c-812b-bb04e61515cf,-,,Parris Campbell,WR,NYG,2025-05-05
fb2798be-43de-4cce-9130-9c244c06acf8,e2e77921-b81c-4c70-90ec-e9df8f505c6e,-,,Latavius Murray,RB,,2025-05-05
fb77c764-2908-4d39-94eb-0632a35950f9,905831aa-db91-4d46-b87b-c48f922ae619,-,,Lawrence Cager,TE,NYG,2025-05-05
fce4aab1-6c67-4807-840a-d27bd8873b2c,ed87b2a5-c17b-4d24-9c6c-a6118a01a4fa,-,,Donovan Peoples-Jones,WR,CLE,2025-05-05
fee3ba10-313b-464a-b1e0-e63bfb17b99d,492e4cc2-bf84-4497-8c05-7d93c82b5e9b,-,,Jamal Agnew,WR,JAX,2025-05-05
ffbf2517-ee26-4b0b-9b40-2cf8e4fbe0aa,dd510349-6c96-4b20-8d8e-2cb7da8bf499,-,,Eno Benjamin,RB,NO,2025-05-05
0043af58-72ae-429b-ab97-e881ae02bc5b,ee0509c7-82c2-428a-b884-8517a4ceb0e0,-,,Brandon Dillon,TE,,2025-05-05
00ee7490-3c3a-40dd-81c5-8b95429eef8e,1f8b31f5-5a8b-461e-accd-d8bc9ecf5a11,-,,Evan Hull,RB,IND,2025-05-05
0126a927-560d-4751-9de5-9aee8a3a8a67,a843724e-65ce-429f-8ca8-0c3107a64c47,-,,Darren Waller,TE,NYG,2025-05-05
013c0afc-f96f-4d76-bec0-094a8a545653,8bc11558-7c59-4578-8c40-f27f5f607548,-,,Marquez Callaway,WR,DEN,2025-05-05
01882ec3-d623-496d-b636-92f3f49cb67b,9465be58-d5fb-4581-a275-1654dcb2f9c3,-,,E.J. Perry,QB,HOU,2025-05-05
01a475ac-1216-4a00-8342-00e065b09f32,6117e527-4190-469e-bab6-ef53a136deda,-,,Frank Darby,WR,ATL,2025-05-05
0208c121-7156-45ff-b058-77f27afe4119,b524d141-792b-40b0-b03f-5ba8b37d86be,-,,Trent Taylor,WR,CIN,2025-05-05
02157b1b-7bf6-4c0b-ad23-a41bc014fe51,e44959d8-6573-439d-b515-d4fe532ae3a4,-,,Phillip Dorsett,WR,LV,2025-05-05
0239191e-be98-49db-adcc-d84ed8b50d6d,20da98de-46ad-43ad-a6ef-e6ed946b48ad,-,,Kevin White,WR,,2025-05-05
02533a50-0d80-4bde-b5c5-4328edda9ed6,d0aa9c34-848f-4ec4-a5d4-cd2c6d6ea92a,-,,Jaydon Mickens,WR,NYG,2025-05-05
02b277af-47cb-41a5-9e9e-e9376470b02e,56af9ed4-c687-48f4-9768-3cf32c29b146,-,,Samson Nacua,WR,,2025-05-05
038730c8-a943-4d51-b962-ffb33fbe72d8,68eaa5cf-1831-47b4-b85a-36fd85d64d66,-,,Greg Ward,WR,PHI,2025-05-05
03b21c59-d764-4e2c-a904-e675b70afc2a,5327d273-a03e-4305-9f77-e92292dbd1cd,-,,Mike Harley,WR,CLE,2025-05-05
0401b884-511d-4486-9763-3d2010e176ab,b584facf-ccfd-4cc7-a36a-6acbd3dc8a31,-,,C.J. Saunders,WR,CAR,2025-05-05
04310938-9527-48da-90d9-9e58f155f974,32dba8f9-38cc-4aba-843c-6ca91d562a0e,-,,C.J. Beathard,QB,JAX,2025-05-05
04e55a0e-118d-4759-92ae-8f37522472d7,8ff33470-26ef-4ddd-920c-8426f449b760,-,,K.J. Osborn,WR,MIN,2025-05-05
04e71a31-6031-46ef-bc90-9df8892bef3a,22e1cbc7-c0e6-4369-be55-0b9a96246515,-,,Tay Martin,WR,SF,2025-05-05
0509381f-d465-4224-82eb-ef8d3ae7e2e2,c762682b-8e99-4a45-850b-4bc9bbdb7a33,-,,Leroy Watson,TE,SF,2025-05-05
05fb923a-8e09-48d8-ab8a-8b93c181c7fd,714b9e10-4ada-455e-a8ad-e869a265cde1,-,,Matt Sokol,TE,NE,2025-05-05
0652a103-7fe7-4a65-9f22-80ce5ca22464,692947d1-8ae4-486c-a454-8b794eccda28,-,,Zach Evans,RB,LAR,2025-05-05
069c2044-25ac-4141-a78f-bb782e96fd58,0f50cd38-095f-4059-94ef-3376425ee580,-,,Stanley Morgan,WR,CIN,2025-05-05
06a7416d-0965-4437-8e0f-991c4d198843,b0e51840-b6ab-483b-ac11-8bd6a3e57bd6,-,,Kenny Golladay,WR,,2025-05-05
07af13e3-9f60-4a9c-8421-6ebfbfa7524d,0b86feb7-78bb-42fe-b616-c15c6286ec20,-,,Tim Jones,WR,JAX,2025-05-05
092d6baa-dd41-4c23-9eda-894f96325b51,2e0622f2-f2a1-47b3-808b-9a8f58ec8c94,-,,Thomas Odukoya,TE,TEN,2025-05-05
093074a0-781f-4058-ae0b-9e75242b2903,e335d9fe-6f4d-4331-98db-849609ae5a66,-,,Ian Book,QB,PHI,2025-05-05
09924cf8-91ef-4dc3-a418-303e7199a719,7c35e934-a10c-42d0-8444-f7df484fa658,-,,Dai'Jean Dixon,WR,,2025-05-05
0a4f385a-9dc6-4e8d-86c6-e14796e7396b,eae12782-d24f-4a99-8eee-7e189a629e37,-,,Tyler Davis,TE,GB,2025-05-05
0b09d818-3a08-4c18-a6e2-c49a4df1d11b,95652101-b19a-4d49-b9e7-b0cafe70c3b3,-,,Ben DiNucci,QB,,2025-05-05
0b55aab6-660b-48d0-812e-cde7bc0f3493,a8ac601f-1b6c-493e-a8c0-a980a43547f0,-,,Alex Armah,RB,WAS,2025-05-05
0b628de6-73eb-4376-b1e7-c9dc9239ccde,3938dfa9-766c-44b0-90a8-d0aa272a05e6,-,,Tarik Black,WR,BAL,2025-05-05
0b66b907-14e6-451e-bfef-069a9b00da93,5166aed6-f9f1-4163-9fb4-6dacf4406e29,-,,Michael Pratt,QB,,2025-05-05
0ca8d9f8-a729-493c-9bdb-4c8f48385c7c,9525a6fa-2259-421e-8f69-50df349c6a82,-,,Cornelius Johnson,WR,,2025-05-05
0dfce926-9205-4816-b4b1-76dba0d5265d,8d5fca39-4681-4baf-9149-39eb2cd82bea,-,,Randall Cobb,WR,,2025-05-05
0ebe6f91-3fd6-4ceb-a03e-8522f486f6c0,5ea148f4-b488-4c0f-9f49-fd2c074138ef,-,,Kene Nwangwu,RB,MIN,2025-05-05
0f17a032-446f-41ef-9265-0f70bbabb12b,af9bc7b6-fdfe-4c60-b199-3508e9abad3a,-,,Jeff Wilson,RB,MIA,2025-05-05
0f5fcb58-d1f9-40c9-b6ca-f7b165cf9443,ed5f0b8b-addc-41c6-831f-80a0597469fa,-,,Jaren Hall,QB,MIN,2025-05-05
112966e2-4777-43fe-a0b2-4b5623aed8b9,951dec08-9612-4865-b891-692e753e0a91,-,,Tommy Sweeney,TE,NYG,2025-05-05
112ac40a-3f1f-496e-8fc3-82e2bafa5bca,f12eabf7-9703-49dd-a362-fb53ad065745,-,,Matt Bushman,TE,KC,2025-05-05
11705cfb-d057-4924-b416-06be0b380b6a,33cf7a00-a356-4475-98bb-337269c244c4,-,,Richie James,WR,KC,2025-05-05
12525121-bbd3-4d68-bd1c-ec9aee3b6a9b,f79d1f8a-db38-4fe5-a0c2-541b47a542ba,-,,Joseph Ngata,WR,PHI,2025-05-05
126c5adb-691c-4718-bd24-d796779707db,f5719285-90d6-491e-9489-4ac0cb164e4b,-,,Easton Stick,QB,LAC,2025-05-05
12e37fd7-e219-4ae3-b6a8-4bc1f58994b5,6a9e2f12-0083-4ac3-abf0-3b5a6b4857ae,-,,Freddie Swain,WR,MIA,2025-05-05
1406c8fd-b2a7-4d87-8edf-f3f9689bb62c,dc2e3603-d50d-4e48-8af4-6a8d7c7446eb,-,,Daurice Fountain,WR,CHI,2025-05-05
1504f572-8fe9-4be4-86c8-4ba3fe3b2195,99e22f99-909f-4299-bfda-f69ca75ee042,-,,Malcolm Perry,WR,,2025-05-05
15b52adc-1d45-4ba5-be7a-45681b29a002,452d1457-52c5-4a85-b017-5c9d1a6236b6,-,,Jake Luton,QB,NO,2025-05-05
15de4a24-7919-49ea-aacd-568518ce0977,91532c07-05ef-440c-a5a6-c99bd98053d8,-,,Brian Hill,RB,,2025-05-05
15ed9c54-6e59-4422-be9c-94195e224026,f24db425-614d-493d-a7ba-fe40acd1cfa4,-,,Marquise Goodwin,WR,CLE,2025-05-05
15f2ad20-e3ae-48f3-b31f-cede0c512f01,7f86d8d5-68cf-49e2-8c8c-9932812eecdd,-,,Noah Cain,RB,,2025-05-05
160d1c2a-8193-4cc0-9ce6-6ff5d0a4ca5e,e8c1723e-3ec3-49f0-a83b-c7af9c62babc,-,,Luis Perez,QB,,2025-05-05
166d2301-62d8-40bf-8b1b-1da714d82dd2,0dfbc5f1-ad18-4996-ad78-ce1d032d130b,-,,Braylon Sanders,WR,MIA,2025-05-05
16736dcb-437b-49ca-94a7-cfe86c2abadc,5786c31c-c097-4b2f-aaf9-f7278a0c03ed,-,,Alex Erickson,WR,WAS,2025-05-05
16d7fc70-488d-4050-a86a-e6f42fdf24cd,7736b474-9b7b-4ed4-9c89-2ecd798e7d76,-,,Reid Sinnett,QB,,2025-05-05
16f9ea31-b33f-4f45-8c65-4f2fe8c7ec12,5e4aad4b-1f05-47c8-bd0f-20c11f944bea,-,,Devine Ozigbo,RB,,2025-05-05
17854b3b-da1f-4cb8-94fe-b41ef975efe5,5df6c28e-255a-4a53-92fc-53af23fb7b9d,-,,Sean McKeon,TE,DAL,2025-05-05
17cfc411-7f30-4563-8283-4d9a4752c7bd,da2aceee-c577-461f-a27a-25b746addcc2,-,,Allen Robinson,WR,PIT,2025-05-05
17f7487d-b394-4de2-8f9e-9527f6cc228a,12416569-f6da-4bfa-833b-8633c76ce9f9,-,,Chris Herndon,TE,,2025-05-05
18be3062-3003-49aa-9226-1831a2941046,c7c2c860-0909-4631-a237-d8a0175f7677,-,,Dontrell Hilliard,RB,,2025-05-05
19ce8305-751e-46eb-bbd2-6d7156d81121,cdfe17eb-960c-4d81-8bbd-ced3e913a1d0,-,,Josh Doctson,WR,,2025-05-05
19d397a0-2343-4f1a-be6e-644a1f8bacce,8bd196f0-a416-4857-a73f-90786072b710,-,,Miller Forristall,TE,NO,2025-05-05
19db3146-ad91-4bd0-81c1-6bd27cfbf16c,6bdca556-2005-44fc-92b2-d76c8fc07c0d,-,,James Robinson,RB,NE,2025-05-05
19db71c4-c5c7-48e0-a9d5-3f209769574e,49f7cb7c-4189-45e4-850e-378edd08b32b,-,,Dylan Parham,TE,,2025-05-05
1a081e93-0d39-4db5-9adf-c984c7abeb35,729e4a31-90d7-41f8-9c29-9e798040d6f5,-,,Cam Sims,WR,LV,2025-05-05
1a296c94-98e8-48df-98c8-cd257e287c0b,44608555-7be1-421d-8892-edd66c0abcb6,-,,Jalen Richard,RB,,2025-05-05
1b1ddbb8-1365-4e6a-a915-ad642bf7d634,04550c94-f446-4180-8c4b-2146f0cad3cf,-,,Kenyan Drake,RB,,2025-05-05
1c9c1914-2f8f-4951-98bb-ee1f35bca042,6131096e-860d-46a9-8c35-6f99bbb950ff,-,,Peyton Hendershot,TE,DAL,2025-05-05
1d3d439f-9570-4855-92e9-efc74e85656e,8465d200-efe2-4fb8-abdf-648e28af2be2,-,,Jalen Virgil,WR,DEN,2025-05-05
1d78d732-bf5b-44b9-9fb0-618fad2361bc,828e279b-2c87-4d90-ab2e-2b7b37889e9c,-,,Samori Toure,WR,GB,2025-05-05
1d86f9a1-ac8e-4a60-bf72-d26f3c927749,8ecaee15-f29d-4703-80f6-97ba400ddf26,-,,Josh Ali,WR,ATL,2025-05-05
1e21b78c-7ce1-4299-9604-80f883ae8ee1,82f724e7-398a-4875-baa1-c081991ff3d0,-,,Chosen Anderson,WR,MIA,2025-05-05
1fdfe4d9-6b9a-48eb-9c54-8b4518a267b9,74328466-c317-42a2-82fb-fcd6f0794859,-,,Grant DuBose,WR,GB,2025-05-05
20a8882f-8a64-405d-b1da-5c0939a95c21,c9aed2e9-f389-4dec-b7c1-8eb42b44862a,-,,Sage Surratt,TE,,2025-05-05
2312b216-68c3-4dc0-ae23-e317d4662fbf,04c6ee21-1c20-4db8-89b2-868fdee8581c,-,,Zack Kuntz,TE,NYJ,2025-05-05
2335fda9-80ea-4e32-8c7b-07e627053c81,ecab8e2a-03a0-45b2-a77f-d7fe75c88047,-,,Ko Kieft,TE,TB,2025-05-05
23453241-802b-44b0-af19-33ad384fe432,8338c416-2fd9-40a4-a9d0-5219379eda93,-,,Tyreik McAllister,RB,DEN,2025-05-05
23fd5f14-6d25-4519-ada1-918abf288923,2087585e-807f-4f70-9a3b-916323f89025,-,,C.J. Uzomah,TE,NYJ,2025-05-05
24e9f9d9-d766-402c-b75d-aec6f868e044,61e751b2-ed75-46b6-9cc1-8cd44c830194,-,,Teagan Quitoriano,TE,HOU,2025-05-05
250d8920-aa41-4a38-a51b-807df5d47c61,2855b529-dddf-429a-9e10-ea062d0706cf,-,,Darrell Henderson,RB,,2025-05-05
25b1f376-5f32-46b9-af54-9a83e603c1f0,c9d028e6-b508-49ec-b235-00b399afc15c,-,,Jamison Crowder,WR,NYG,2025-05-05
25c20f03-3ad2-4b50-965d-7dbd80c394a9,75690f2b-a27e-48c8-a117-58785124a182,-,,Sean Mannion,QB,,2025-05-05
26621a5b-bdd6-4041-8a96-71e9f7c47925,76b32911-77ef-4dc5-a24b-94cef51b7f7b,-,,Demetric Felton,RB,CLE,2025-05-05
2677cfb4-5d1a-4b10-9429-497f91e9dc9d,deb8afc0-af2d-4d40-b2d7-cb9b3c405e8c,-,,J.J. Taylor,RB,NE,2025-05-05
26885ba4-68ce-4ee3-86db-cd75db15a149,c1dcc723-496d-472b-a5e9-657d510fe389,-,,Ty'Son Williams,RB,ARI,2025-05-05
27127ab1-9929-431f-a99f-b9343a4c7cda,4085310e-7820-4ba9-a537-009d26ce6377,-,,Tyler Boyd,WR,CIN,2025-05-05
279e3836-4106-41ea-8e80-5ac5076f93ab,038298fe-1fd7-4c88-9e8a-1030c48b0786,-,,Clive Walford,TE,,2025-05-05
28b43711-d627-42a5-8698-b84d960a2544,0bb824df-2dff-49f2-9dc2-be7d999946e9,-,,Daewood Davis,WR,,2025-05-05
28fce696-dc94-467f-a864-58efa7334e1a,8a623b0d-b2d9-4267-a75c-ed2117a813d2,-,,Scotty Washington,WR,NE,2025-05-05
291bce7f-f3b9-4854-8c28-45e5959f0b3c,e9bf5beb-1eb4-44c0-8017-ffd3abd1badf,-,,DeAndre Washington,RB,,2025-05-05
2938afa2-2438-4b03-aa7a-ca44031f715d,4c286f7d-da6a-41ba-a471-f1fcad219888,-,,Brandon Powell,WR,MIN,2025-05-05
29b9472f-604a-4717-ba0e-efa422700730,6ec722bf-3f74-4875-8674-1a4bff765329,-,,Britain Covey,WR,PHI,2025-05-05
2b03c9e8-0464-4fa2-b0a7-5e300cb7c50e,a3cc6ddd-d3c7-4c2f-8003-b3684dba54d4,-,,Chase Edmonds,RB,TB,2025-05-05
2b3147a9-5b3f-41ce-9fa0-ec27dd938b13,47e4940a-0054-47fe-a5f0-85a571a864aa,-,,EJ Smith,RB,,2025-05-05
2b870d1b-42bb-46e9-9e94-71352a103894,d4f7fc9d-37eb-4957-924c-50e45c74e94e,-,,Kahale Warring,TE,,2025-05-05
2bc99c36-8e00-4da8-a1e5-44f1a9b57c1b,47654b75-cd56-45a3-89c4-a20b9e201676,-,,Benny Snell,RB,,2025-05-05
2cad1aa6-835c-4647-9b11-9ef159bf530c,bd041d7c-18e7-4c7c-825f-fe66fe1f5c57,-,,Trestan Ebner,RB,CHI,2025-05-05
2cafc8d9-7228-4b7a-aada-e696b1ffcee0,34a5ecb4-ad9e-4caa-8091-4dc9c2e11e3f,-,,Austin Watkins,WR,,2025-05-05
2d0ee1b3-0144-418b-a697-ec5e29cdcd2f,4403b094-d95d-44d3-bfdb-91f6f1df852e,-,,Jalen Berger,RB,,2025-05-05
2dbdcec1-e716-4882-9022-bacddf755cc6,09140cb4-41ea-4543-a1c6-5c220babb2b4,-,,Dominique Dafney,TE,TB,2025-05-05
2de10156-c8a4-4d30-9815-deae0c8fbd6d,cbd44d70-a500-4e0f-8d9c-a1fa32183aa3,-,,John Ross,WR,,2025-05-05
2e1f844e-4fa3-40f2-b763-7a301ef52594,9f5d5b15-8591-4ef0-ad82-c9ef91b19fb4,-,,Blake Jarwin,TE,,2025-05-05
2e60f525-6630-4af4-a943-4273dfd6ddfb,fd7f1d74-c4ba-4309-9ae7-b3bf35dcd390,-,,J.P. Holtz,TE,,2025-05-05
2e96d8b5-1b0e-4653-9a5b-e9ef49f4fb2b,7f88e335-8f45-4298-af36-6451c0ea1d1e,-,,Gerald Everett,TE,LAC,2025-05-05
2f9ce7f9-f31e-407e-8d8c-974c75e74b25,af646a26-fe0b-44bb-9034-cbcb024fc9bc,-,,Ra'Shaun Henry,WR,ATL,2025-05-05
2ff80103-a985-4a2a-a030-9f4c05c66a41,f448c37b-a82a-428c-9d58-c6958f8b478e,-,,Jaret Patterson,RB,,2025-05-05
3067bf14-6752-4eed-8a0a-27b6c6638836,648033dc-0124-429a-9a89-7ddb9f195885,-,,Qadree Ollison,RB,JAX,2025-05-05
3227dd9e-0760-4bd7-8bf3-f3bdbd816deb,b93eaf91-c5a3-4a8b-ad58-35f8e5850814,-,,Marcell Ateman,WR,,2025-05-05
3327eedc-860f-4229-ad77-b4928db985d6,a02d01f6-0760-4c97-8101-ea1e670af341,-,,Zach Gentry,TE,PIT,2025-05-05
33ac8e58-3f69-4a51-bda4-bf3166bae39c,f77e48d7-57da-4c3c-b042-c6007840d60f,-,,Nick Bowers,TE,CIN,2025-05-05
33ba65b2-e075-4804-a223-a6008894f6e2,fc34d072-b799-4255-bc77-c0ad61ba773d,-,,Konata Mumpfield,WR,,2025-05-05
33be9a0f-52a1-4995-a172-6f8109ca63d7,6fd7f2d3-4fbf-4bc9-bd92-44d72bf8b1c1,-,,Logan Thomas,TE,WAS,2025-05-05
34ffceab-2558-4c2e-a955-949e42658311,679c6b4c-7792-4375-ad85-4f7490556d0e,-,,Connor Heyward,TE,PIT,2025-05-05
35507f20-778a-4f8b-a54f-3ac936944cd4,e62fb788-c84a-4f00-8f9e-4bd1ffc730cb,-,,Curtis Hodges,TE,WAS,2025-05-05
366758ad-d844-404e-aa96-344330d9c6e1,bcb347c7-ee26-4f3d-9937-758f3ac1733e,-,,Israel Abanikanda,RB,NYJ,2025-05-05
36bfa8c8-03e9-4968-8b94-bbee5f690926,501540fa-ada9-4e50-8cbc-0afee30178c0,-,,Johnny Johnson,WR,HOU,2025-05-05
3786006a-7cf3-4497-a52d-9bf9a3a4c348,5a3d90f2-18c8-4616-85c3-042838230cbf,-,,Devin Asiasi,TE,CIN,2025-05-05
37886a02-a79d-4e6d-a23e-0b2a2b22893d,90254d27-8b68-47b3-a0b8-80acf507f0ab,-,,Matt Barkley,QB,BUF,2025-05-05
37ad4f63-3964-485c-9d60-09abf7372331,cb2b83bb-370c-43b0-88a5-82b516100865,-,,Trenton Irwin,WR,CIN,2025-05-05
37d4e220-f9cd-4e23-8066-d109da1d3172,8241afd7-811e-4f9b-9e5b-71d707270d1a,-,,Tony Jones,RB,DEN,2025-05-05
38a1c8e6-fc0b-433e-83be-ca8fb885c5d6,a6ae1e0c-62a2-4735-8cb8-8e2d30fbba2d,-,,Case Keenum,QB,HOU,2025-05-05
38e19d4b-1b6d-4abd-979e-4a8909e5afe0,2e9d9efc-241f-49b6-8d7a-b165e92ffe63,-,,Michael Burton,FB,DEN,2025-05-05
391948dc-f6a0-4bbf-947b-15328c02916e,ea161fea-4582-4c50-bd01-76cc9050fd41,-,,Ben Skowronek,WR,LAR,2025-05-05
3988f070-797f-450b-9685-45fcab79eab1,87d6d591-514f-446a-8cce-63b8befc4ae0,-,,Cody White,WR,PIT,2025-05-05
39fa73fb-220d-43c5-b720-ce72856bc290,3647507f-2aa5-438f-9eea-2d0c5840fed9,-,,Kellen Mond,QB,CLE,2025-05-05
3a579ffc-9784-4204-9cd0-e3e2eee76945,c279c8d0-18b9-415d-8c6f-36d15878eed6,-,,Parker Hesse,TE,ATL,2025-05-05
3a6600e5-6978-4456-bee3-b149eefcb5df,16a2ee63-f303-4a88-9bb3-1249f2049e89,-,,Tommy Hudson,TE,,2025-05-05
3ab911ec-0d73-4141-9968-500ff12f28eb,37be9929-2955-41cf-bb72-646ab62987aa,-,,Sincere McCormick,RB,LV,2025-05-05
3ac7d212-4853-4043-b13a-7744a7457937,ac67e18e-85a1-451c-b970-22574e095cd3,-,,Jordan Wilkins,RB,,2025-05-05
3ada3d7c-192d-4410-8da3-9a083a8acd3b,ef66818f-76fa-457c-b5e1-24fb361be3d3,-,,Giovanni Ricci,TE,CAR,2025-05-05
3b9920d4-77cd-43b4-b613-b169856566fd,fe185af0-5ea1-400b-ba68-754813802b96,-,,Jake Kumerow,WR,,2025-05-05
3bb5551d-82a2-47e8-b986-907b5b0bfd44,3745014e-c77f-4330-ae2f-323525f72720,-,,Gus Edwards,RB,BAL,2025-05-05
3c330539-ebda-4f5d-9c80-4d1df69b4e98,fc483913-ce8e-44ac-a202-97bef687dc1a,-,,Troy Fumagalli,TE,,2025-05-05
3d9e2dae-c295-420c-a611-24352bbd751b,416ddce8-f30d-42d9-9318-c80dc4a03082,-,,Cade Johnson,WR,SEA,2025-05-05
3dad1ccc-d314-4fe8-8869-aa48d07ff7dd,e285720d-2bed-4675-99d3-3bfab5498fea,-,,Denzel Mims,WR,NYJ,2025-05-05
3e19e28d-222c-4972-a308-8f4d1358b27d,322ad23a-7a5a-4740-9b2e-8e6a9f3bfab8,-,,Erik Ezukanma,WR,MIA,2025-05-05
3ebba0f5-0857-4012-b2e8-88787fadbc8f,5b340de6-8258-4cdd-80d9-a8fc401c3db9,-,,Royce Freeman,RB,,2025-05-05
3fcc0019-44b4-4c9a-803d-dc6a62e9d2e6,99ccfbb8-7aa2-4e4e-a202-fd795175352e,-,,Chris Oladokun,QB,KC,2025-05-05
404e39ce-f4d8-4213-95c8-a6c3ac81ce42,b54a400e-6561-473e-990e-8d28394fb779,-,,Chris Myarick,FB,NYG,2025-05-05
41a9206d-bf8f-4ad9-84b7-93bbaff3bc84,06b8ec36-1e24-493d-8a1b-f8c9d0b68b28,-,,Jake Tonges,TE,CHI,2025-05-05
41e40b98-3d48-4ab5-a52c-e269eee7b325,4e1c316a-c2ba-4cc7-a21b-ee00821ad5ae,-,,Jack Stoll,TE,PHI,2025-05-05
426f7719-d310-4d46-8aaf-03d346903d6c,f66d75d8-0185-47e9-ad66-541bda7eb752,-,,Armani Rogers,TE,WAS,2025-05-05
43cf6bf6-1461-4577-92db-5b468a9ed759,dc05839e-c96c-4dc1-b974-58a9a5b7c5a1,-,,O.J. Howard,TE,LV,2025-05-05
43f1ca92-3cd3-482a-ad56-b8ad475112c6,82fb71e6-751c-4d58-9057-d45923b76716,-,,Jody Fortson,TE,KC,2025-05-05
45312330-6ec7-4fd9-88ed-3a3848ec39d8,b464489b-bf3c-4d18-aa72-4b83e8ffb15b,-,,Scotty Miller,WR,ATL,2025-05-05
4608d38c-21ed-43cd-997a-379a866ebe0d,9be599a1-d7a9-4d85-89b8-cb9b65597fdb,-,,Mason Kinsey,WR,TEN,2025-05-05
46564ddf-29af-4579-80cf-f4ee4b716575,ba4bb100-459d-4c8c-9d91-2e4194d27806,-,,Jacob Hollister,TE,,2025-05-05
4696c6d5-0d2b-4cf5-9a02-c3131d2093fa,b1f4cb0f-ac20-4efd-a951-d8539f3d46b4,-,,Jordan Matthews,TE,,2025-05-05
4697120d-2c5a-451b-9558-c9ea59706e60,a26b9a09-612b-4ca2-8fe3-70a1c56c4131,-,,Odell Beckham,WR,BAL,2025-05-05
47e7845b-e4d8-445e-b61c-b474b36703d9,91378d4b-35bc-4249-a0e1-65e8719e7eed,-,,Pharaoh Brown,TE,IND,2025-05-05
48561bcf-2909-471a-b85a-250ac541e612,b5c061b5-0fe2-4b24-9196-dcd20e9a868f,-,,Eric Ebron,TE,,2025-05-05
48d273c4-a7e6-4950-927c-3811886fa29d,1dc3e6a9-ae93-4126-a8ee-f047d9044296,-,,Sal Cannella,TE,,2025-05-05
4988d2f2-c14b-425d-8548-64b0d09c1894,eba1eab7-6959-4a4d-9f69-4d7a01499198,-,,Pharoh Cooper,WR,ARI,2025-05-05
4a4f29bb-a03f-4449-be03-52ab109fd27a,3ab3fa22-4176-4926-8743-7169f912e774,-,,Rodney Smith,RB,,2025-05-05
4a85e245-3b84-413b-8c9a-954bb6026f49,1bc99426-b709-4eeb-bd36-cab96b6717e7,-,,Justin Johnson,TE,,2025-05-05
4a99536f-dcbd-41a0-bb24-e83d68237489,4815d59e-4f5f-4641-a199-11154721e945,-,,Tre Nixon,WR,NE,2025-05-05
4bc2ecb8-199f-40cd-8492-1606510504aa,c0386234-0338-404c-b0a8-0a91b6acb691,-,,Slade Bolden,WR,,2025-05-05
4c10273f-d0df-46cc-aed4-29232a2a75dd,d53dfdd0-6941-4ef4-aa5d-6042bf2c30e9,-,,Malik Turner,WR,IND,2025-05-05
4cd15f17-d9d2-4e07-b722-f8f8d676c92c,6b69ccdf-9c3b-4352-8f24-b106f8ea4448,-,,Rodney Adams,WR,,2025-05-05
4dd49653-989d-4fd4-97fc-317b7a5312eb,81517b3e-52c1-41fe-a780-fbe8750afe5e,-,,Troy Hairston,FB,HOU,2025-05-05
4e5999e6-9961-4494-a858-fe62037dd806,6cd5bf09-3b66-4640-87e4-e532c0c7b175,-,,Malik Davis,RB,DAL,2025-05-05
4e5f9d6e-8b83-494e-9a9f-af012fa756f0,b988649b-4657-407f-8880-359cb629c720,-,,Luke Stocker,TE,,2025-05-05
4e61e191-fbe9-4518-b819-18c31886e51a,15346155-dba2-4ccd-ac28-d5bde0a39715,-,,Kevin Austin,WR,JAX,2025-05-05
4e9a27c3-997e-4ee4-a05d-35e5980944f0,92906449-36b7-4a8a-984e-b371c96739b1,-,,Kyle Allen,QB,BUF,2025-05-05
4f166a7b-9ea5-4f59-ab2b-e992a1c63d7f,559fb1ff-7e0b-4df7-962f-aa251be64069,-,,Hunter Long,TE,LAR,2025-05-05
4f786eea-b819-4482-8cd1-062306720acc,34dfefb4-d8ef-43ca-b944-aeca1452a7d0,-,,James Mitchell,TE,DET,2025-05-05
5008ee69-41c7-495f-aa51-b0d1ae750c9e,823c8c18-6ea2-4d4d-af71-5c4ba581c38f,-,,Collin Johnson,WR,NYG,2025-05-05
508d27b7-b6df-4de4-9643-c4732d48ab3e,5665f588-ed9b-427c-b4a7-ed347aa59707,-,,Drew Plitt,QB,,2025-05-05
50b2a41b-daef-4d77-acef-139ac96cebec,72e51cb9-7908-4a47-a8f8-792efcd064c2,-,,Bailey Zappe,QB,NE,2025-05-05
51a671e2-3506-4237-9379-945cad835acc,10e0a2ff-5721-42d3-808a-c73914405da5,-,,Dee Eskridge,WR,SEA,2025-05-05
51ce910d-b873-4c0a-8a7a-d3187b6b3f34,1b71ed87-7d6c-4bd6-b659-8cb882491d2e,-,,Brittain Brown,RB,LV,2025-05-05
5234b42d-9009-4584-a856-9f09caddcbbe,5d87928f-2bc7-498c-bbf1-824a5d83b714,-,,Tyrion Davis-Price,RB,SF,2025-05-05
525677e9-c067-45ce-9445-e9f74debbb8e,1cae7ba6-6dd9-405d-9dd8-d40a6be294a5,-,,Jacob Harris,WR,LAR,2025-05-05
5302a978-3634-4ef1-b4a0-f4b9b855ecbb,de3aa862-92f1-430e-ba20-bb079f1591e8,-,,Nikola Kalinic,TE,IND,2025-05-05
53278154-7ad0-4bd0-b77f-e6db7e00f367,3cc9555c-7f9f-42bc-b703-a64b3a1709fc,-,,Lynn Bowden,WR,NE,2025-05-05
55144f8a-f98b-4296-a181-93b2a076ff27,b09279b5-72ba-439d-b384-4aedddc23b0a,-,,Chris Carson,RB,,2025-05-05
555f0fc5-366b-4234-bdd8-cfd99d094107,26617bf5-9399-4bb4-a121-98eeb1ee3142,-,,Cole Beasley,WR,BUF,2025-05-05
556aec69-b752-4344-9add-d85d989d3b20,3b55e8f0-5c8c-4feb-82d7-4d59b3bc32aa,-,,Tanner Morgan,QB,PIT,2025-05-05
560361ac-41cd-4a45-a0c0-7004e0551e51,f9cefb91-2c73-4e10-8ff2-635c9350577b,-,,Nelson Agholor,WR,BAL,2025-05-05
56266334-698c-4fea-bc91-89e3663f375c,027b04df-8187-4652-962c-50aebcb28936,-,,Josiah Deguara,TE,GB,2025-05-05
5655baac-513b-4deb-aee8-1b76291dc3fd,fedef765-e0cc-42d8-954e-71945c76995f,-,,Anthony McFarland,RB,PIT,2025-05-05
566de0b5-bdd8-4076-af17-c5cf95313b8a,7cc3f8d2-2766-459f-9498-ae7ddbaa372c,-,,River Cracraft,WR,MIA,2025-05-05
56b2aad9-1d6b-4135-80ed-b27a4f5b1ae8,b9d190b6-0160-4c77-8ebe-cca2e6f1ca22,-,,Baylor Cupp,TE,,2025-05-05
56e7d749-b3be-4193-8e5b-f3d837f0d9dc,0bbc3a68-3fb3-4de0-aed3-d70a92c656d3,-,,Julio Jones,WR,,2025-05-05
56fea3a3-0904-4ac6-9d29-769e0edad393,26ce27f5-babb-4cb5-a39f-9a89c416b69e,-,,Max Duggan,QB,LAC,2025-05-05
582c0f12-4af5-43e8-989d-7040fe98f082,bdb7cfdf-6e38-4473-a169-c71b24bc8bf9,-,,Darrell Daniels,TE,,2025-05-05
58f36d9a-5e01-419b-b1e9-b07dc5c7bd73,a87e5777-3663-4c87-8c62-fbc4459def1e,-,,Antoine Green,WR,DET,2025-05-05
59fc33e3-4b48-4ccc-8e01-667dcc851f65,faa44148-2ed2-4263-bbcd-c594eaf31adb,-,,Ethan Fernea,WR,IND,2025-05-05
5a2aecaf-5117-49f0-a89a-8ec9b29ab355,0a4c2dcf-798f-46b1-9710-cfa683ec39bb,-,,Anthony Brown,QB,BAL,2025-05-05
5ac76e4c-edf0-461c-89c3-8cb6c05b09eb,66d8ba9a-d0ad-449d-b27a-bdd782a4cc04,-,,Zakhari Franklin,WR,,2025-05-05
5b419191-135c-4f12-bdb4-c9c2e0a01313,99cf8cd8-945b-4740-8359-6b09dfd470b4,-,,DeVante Parker,WR,NE,2025-05-05
5b556722-0652-4d4c-8821-5827242bdedd,1efead28-a46f-4525-bb80-71f0d05aa7a5,-,,Nate Sudfeld,QB,DET,2025-05-05
5bde3448-0357-4495-a347-624c9d02748a,8c96de65-f229-4f8f-929e-2fa0b7a2647c,-,,Austin Mack,WR,,2025-05-05
5be1ad3a-cb5b-459c-bda5-6647056c1063,afdb4f67-7c66-4d78-9771-0989ccbe7f3b,-,,Trinity Benson,WR,DET,2025-05-05
5c422f21-f6d9-4bc3-9d5d-d7b53607987c,3d04078f-82ec-4b45-8291-aa5b08221d4f,-,,Matt Corral,QB,CAR,2025-05-05
5cbb5a2a-a0b1-4047-bcf5-147e14a463bd,fa8107ca-2809-4452-810d-81a0c1d49513,-,,DJ Turner,WR,LV,2025-05-05
5db8043f-3273-4bc1-9856-bf8e00b1d903,43dc15b2-ffff-4c30-acbf-becc74ac6c86,-,,Tyler Kroft,TE,,2025-05-05
5db9cae2-8eeb-4aea-99db-86194efcd7d8,d4baf681-84a9-4ed2-9373-f02e30ce4d69,-,,David Bell,WR,CLE,2025-05-05
5dfadfba-bf40-40e0-9a20-78c38dad416a,4c06ce0c-9c66-4a9f-9e99-82748ad21cf7,-,,Charlie Jones,WR,CIN,2025-05-05
5e8b4d5f-3e03-4fc3-ad1e-6bde66a52bd9,a5b828e4-f1ea-4f9c-a95f-583e82eae5a2,-,,Jashaun Corbin,RB,NYG,2025-05-05
5ebd5fb7-9f63-4644-a8e4-273c3b622379,f7ef84ca-e233-4d95-8f94-79cc6977857f,-,,Jalen Wydermyer,TE,IND,2025-05-05
5ed897ac-a366-46c8-93b9-ce25679810ca,fb644b02-dc54-472c-b99b-8216516c35bf,-,,Jelani Woods,TE,IND,2025-05-05
5efa9e38-ac3b-47f1-b410-4c1c573e1b8d,972ad53a-6288-46d4-a4b2-8bab13de4d32,-,,Brandon Johnson,WR,DEN,2025-05-05
5fad9408-2735-45cc-9f8b-513313321e7e,e454b9db-4daa-4097-b0bf-4547391d1141,-,,Isaiah Ford,WR,,2025-05-05
5fccf73f-a6f8-48a7-8d2f-f8311ef4a6df,6d617460-69ad-4329-bab2-9b569c6658c8,-,,Elijah Cooks,WR,,2025-05-05
5ff070a6-bc4c-4de2-b847-feb0e7f2f576,8cd958e5-1a31-4200-af0f-706c15f35aa5,-,,Daylen Baldwin,WR,CLE,2025-05-05
6054a3fe-243f-4808-920b-540c83bf438a,d0686cf5-e910-4d32-9ac7-0437fa011f6e,-,,Raleigh Webb,WR,NE,2025-05-05
60755160-dcf3-4d45-b6c2-26cf7b818849,c7c9b021-3d8c-47b3-ba54-fc3fc591376c,-,,Bernhard Seikovits,TE,ARI,2025-05-05
60a666e8-36e2-418d-9c5e-70fad8d0b2e7,0c5747c5-27d9-4faa-bc0c-887636c60262,-,,Zach Pascal,WR,ARI,2025-05-05
60bc2a06-b75c-4e10-ae42-72b805bf25ee,b1fa01c2-938f-4ef1-8f2c-42716237a892,-,,Taiwan Jones,RB,,2025-05-05
6273fe4e-7022-4889-98b2-7479a5f16fb3,faf1168b-1260-4685-99e9-35d6ace800ed,-,,Hakeem Butler,TE,,2025-05-05
6279762d-dea1-49e1-a885-59954bfa2584,8da84d64-bab4-4fdd-ac2d-f6729e5a31a5,-,,Kaden Smith,TE,,2025-05-05
62ce1827-79d0-4b81-bf7f-cef58a5b75e2,e71ae77e-dcbd-43d8-96a1-c986d2b5da7d,-,,Rashard Higgins,WR,,2025-05-05
6336432a-b376-4cb4-8e0f-b6fe05acbe70,358e6b1c-92f5-4681-a446-238b520e599b,-,,Trevon Wesco,TE,TEN,2025-05-05
648c9830-50e6-4913-9de0-224f23900245,3f75318e-7db6-4889-8c47-87e0ef05217b,-,,Kyric McGowan,WR,WAS,2025-05-05
64ffa2ae-3cf5-4c44-9b5d-2232c00811aa,3cd29adf-71c5-4c78-8981-ac12e98f6060,-,,Andy Isabella,WR,BAL,2025-05-05
6515d5ac-6719-47fe-9b74-f1eb62e4bde5,3324bf4a-377b-4bde-8f24-380ab961e382,-,,Darrynton Evans,RB,IND,2025-05-05
672df83f-928b-446a-8e1e-c33a228f7515,6bf1a468-8372-4d82-8fea-0ed37650ed23,-,,Ricky Seals-Jones,TE,,2025-05-05
678ed92e-0b63-4dc6-b38f-5e24bf1a8dab,88982239-ce37-4c5f-8c28-c347112d670f,-,,Zach Wilson,QB,NYJ,2025-05-05
67ed6b0f-a3bc-49c4-8c4f-79c6d11ba9bb,b3356e24-e1e2-4648-bc33-5ba1074bd638,-,,Nick Boyle,TE,,2025-05-05
68533331-fb0c-4c88-8e3b-2f13bf5ce9fa,cb2a40d6-d642-4833-8d3e-cf3056f85ae8,-,,Maurice Alexander,WR,DET,2025-05-05
6896d863-ecdd-4522-a99f-e8752a0e76c8,f1e3662b-5084-439a-9b4f-65b05962165e,-,,Dez Fitzpatrick,WR,PIT,2025-05-05
69049baf-0984-4252-b4ec-0f41ae85e566,fddad2cb-d7c1-45ba-ac45-14bc4e30bde5,-,,Brandon Bolden,RB,LV,2025-05-05
690c78e2-094e-44d8-80e5-38d4492cb81c,cc26c0b6-0745-456d-9927-882a10f9b7bd,-,,Makai Polk,WR,,2025-05-05
69e8ebed-bfd0-491b-9c83-34098bfc37e4,5d581dd2-e2b8-4a9a-8e74-41ca562f02e9,-,,Brayden Willis,TE,SF,2025-05-05
6a5ecdee-3c97-443c-ae95-5fe8a087a150,c90bf5e7-3660-4ea1-80a6-e99a81246b89,-,,Justin Shorter,WR,BUF,2025-05-05
6a87fa1d-f9d3-4a4a-a921-d365c1b079ac,88db974e-ffe8-418a-ab27-c46b7f4ad291,-,,Kyle Philips,WR,TEN,2025-05-05
6c6eacd2-2b05-49a8-8f5b-491d8e8e3255,0657d568-8a08-4c0b-8112-61bddce5edd0,-,,Jerick McKinnon,RB,,2025-05-05
6c84220d-5f67-49c6-820a-594b8bbcfcc1,3dcb0e0b-9b92-41eb-a632-088167c44521,-,,Isaiah Spiller,RB,LAC,2025-05-05
6d12bdc7-32e0-429b-ac32-313b91814d5d,1917cbed-4f00-41b1-843c-b77effbf4fa7,-,,Dan Chisena,WR,PIT,2025-05-05
6dc153c4-4555-422b-8ec3-1d4cbbb3a169,2f9cdd9f-c36f-4564-8efb-ead9372f804c,-,,Aaron Shampklin,RB,IND,2025-05-05
6e32af00-9f39-4467-844b-ffa55e825b0c,d2345f79-fcfa-4ff3-a082-dea796a53878,-,,Damiere Byrd,WR,CAR,2025-05-05
6f8ed5a1-6762-4786-9aa6-367ac0310eb2,e6bb4b6d-b2b6-446b-8c2f-f9a27dd2783b,-,,Cole Turner,TE,WAS,2025-05-05
6fbe5230-f747-428d-a443-11693f74e715,fc4474e1-fb35-416b-890c-4ca1de17d792,-,,Matt Breida,RB,NYG,2025-05-05
70122da6-0542-454d-b418-ce84dd17c15d,2ceefe98-832b-42b3-9edf-f3761d8f03b1,-,,Jakeem Grant,WR,CLE,2025-05-05
70315a42-e5e9-493d-8e96-28cf0672b118,6717c6f0-91ec-41b3-8cd1-fa31438b6f71,-,,Greg Bell,RB,,2025-05-05
7050bd09-1b43-4aa9-a29e-baef8aa07498,37910853-6548-4e29-84ed-c90534a5081b,-,,Tyler Huntley,QB,BAL,2025-05-05
71a9acff-4cea-4ae1-921b-d5c1d8729622,73ac7862-53ff-4c34-8941-0ee2dd78fb06,-,,Cole Fotheringham,TE,LV,2025-05-05
739f7f46-05c2-4baf-af0e-ccc9a1e8fda3,7a6976b5-4477-4173-bae0-bd6b1f0e0b94,-,,Irv Smith,TE,CIN,2025-05-05
73ab5ab5-cfe9-4c82-b1f0-c15d0b28e4eb,5cf3b6f7-0ae1-4aea-a7e7-5693e41b20ef,-,,Sam Ehlinger,QB,IND,2025-05-05
7421dee5-6822-44b5-9c8b-57afe9d6df9e,96b00db2-4d7b-4c8c-93bb-a5ab7ea6db6a,-,,Malik Taylor,WR,NYJ,2025-05-05
74ff0ff5-0ab1-47f6-b6e2-e8cfb6538e69,3b527565-bc5b-4659-9480-559d64eac2d3,-,,Geoff Swaim,TE,,2025-05-05
7504014a-1016-4844-a524-72780605625e,1551d6c8-e6ed-4a68-a3ab-c02179829a90,-,,Kwamie Lassiter,WR,CIN,2025-05-05
75880a82-2914-4704-869a-51b0f7c1c99d,2542ceae-defb-46af-90cb-5edafffccab6,-,,Ben Mason,FB,BAL,2025-05-05
75a1e58d-6d2e-40d6-8af5-5d9be55a8975,860c13be-50ed-432b-80fb-a335aa2a79c8,-,,Luke Farrell,TE,JAX,2025-05-05
766dbccf-c072-456c-8467-aeb61a7cfafe,fa5d3daf-e9c9-4f1b-ad98-385d0672da5d,-,,Joe Reed,WR,CHI,2025-05-05
76eb5e53-f6a2-42d2-9f0b-8aa3523f00dc,39a845d2-bdef-4d89-8ae5-acf2e12ec18b,-,,Kevin Rader,TE,TEN,2025-05-05
7720a9a0-5f78-4d51-9b11-dae8b290beae,080237bb-9677-46f3-b415-81715ef9ca3b,-,,Bryant Koback,RB,,2025-05-05
778035c1-71c4-47f4-9416-12feb01b088b,8b75445a-ed27-4e97-97a7-8dae86f1f722,-,,Quez Watkins,WR,PHI,2025-05-05
77e68d82-d16e-43ce-8e0b-412377f8f0f2,c3161dcc-7e6e-46a4-a992-32462e5a364e,-,,Jordan Akins,TE,CLE,2025-05-05
793e257a-4a43-4584-9b9c-805da9a9f790,cfb45c6c-d0bc-406b-b2a4-16a205031087,-,,John Wolford,QB,LAR,2025-05-05
793f4471-18b6-4a2e-a25a-307d01f90187,bafcc8d6-18e2-4a46-9c9d-64b37b608e24,-,,Mike White,QB,MIA,2025-05-05
79a7d49c-de2d-4776-ac6b-457f52a35437,237de2f0-e473-40ed-89b7-220bc9b29875,-,,Laviska Shenault,WR,CAR,2025-05-05
7abb18db-40aa-4b3c-b665-920e7f55ed1f,cc9b1c50-4b72-4129-ae9a-2efa6bd79fdf,-,,Jeff Driskel,QB,ARI,2025-05-05
7b05043b-336f-410c-b7ff-0b82f565a961,adbdef6a-5c34-4563-9878-6473f5490518,-,,Jeff Smith,WR,NYJ,2025-05-05
7c302a3a-188b-4e7f-a4a1-9aec4298e9c1,ee486dbb-1f34-4017-a37c-ae4a1ccd5e3f,-,,Austin Trammell,WR,LAR,2025-05-05
7ccc1c97-ef0f-4682-86ec-d4e08487ceb7,0c7e0ce9-014c-4666-a2f6-e636bdcb21ce,-,,AJ McCarron,QB,,2025-05-05
7edaf440-a248-4c7e-aef3-efbc480c3626,ac04aaa9-0de8-4c2c-a052-5c0c949f9a7a,-,,Ryan Tannehill,QB,TEN,2025-05-05
7eee0801-aad6-443d-8d27-0669ce6773e7,0684d766-82d6-4e8d-a99d-9a3ad23b9103,-,,Jamaal Williams,RB,NO,2025-05-05
7f04df8e-f9c4-4315-9b9e-732887af6191,999d8e9e-82e1-4314-aee4-5c97b1ee48ee,-,,Deneric Prince,RB,,2025-05-05
80160e22-86d8-4a05-a11c-e5cdb1d4f01c,164c7dda-98b5-4098-9f5a-afb2f622935b,-,,Anthony Firkser,TE,,2025-05-05
816804f8-2eeb-4efc-aecc-5faa875b49a7,9e2b4ca7-0859-45fd-8a14-a9f7505bed72,-,,Jaylon Moore,WR,JAX,2025-05-05
81c14433-040a-41df-ab3e-6aef74597438,c4df0f2e-cb53-4c4c-a992-addf71733b47,-,,Quintin Morris,TE,BUF,2025-05-05
8396dd60-bcc4-437d-abcf-2022433898bc,2d7362a4-246e-44a1-bc8a-97670b059ea5,-,,Reggie Gilliam,FB,BUF,2025-05-05
83d5822c-4fc9-47cb-93d6-c7c98fd8ed45,eb11de6a-6d20-410c-8e57-8d660bc26b97,-,,Kaden Davis,WR,,2025-05-05
842d00e0-79d9-4905-9c9d-001b85c7a14b,68a43be8-4d12-4dc3-9cc2-df895a6d3938,-,,Tarik Cohen,RB,,2025-05-05
84320e57-84ab-4ad4-b299-984aea66b103,700f1b63-bddb-41f1-abde-3d7d0c116a59,-,,Cameron Latu,TE,SF,2025-05-05
8435bff3-7821-47bf-a77f-2f9e975192ca,5b9b311c-7f40-4096-9e94-c5e608a5b9af,-,,Austin Allen,TE,GB,2025-05-05
843d1797-ae8d-4835-ac6a-497ff2e8308a,e7b3c934-50a8-4a3a-9f2b-a26cf98542ac,-,,Jonathan Ward,RB,TEN,2025-05-05
84535321-3cd6-4f72-8140-755e21870c48,abbfc8f3-2503-4312-a001-3b79775bc2fa,-,,James Proche,WR,BAL,2025-05-05
847b8abd-6dd0-40e2-85bc-c58e689e5125,9e7b9f41-6407-4fbb-aa71-30344efb750d,-,,Andre Roberts,WR,,2025-05-05
84ee2739-1294-4503-b503-f0ae67542e9d,42662897-70d7-47e3-a3bb-3886117e770f,-,,Deven Thompkins,WR,TB,2025-05-05
84ef2716-bed5-4cea-a619-1dd12c08f7ab,5d5a1f81-59a3-4adb-8144-c19c89214c0c,-,,Snoop Conner,RB,JAX,2025-05-05
8562d30d-f118-4bca-ac9f-0d8601d98ca9,741d30fa-0b5d-46b1-a095-5f5fe3547266,-,,Kelvin Harmon,WR,,2025-05-05
85ad713e-da24-443c-b930-e13ae04ae089,24baafba-c81b-4242-a0bf-4ec198608324,-,,Desmond Ridder,QB,ATL,2025-05-05
865ee3c5-cc5a-4365-9321-ec1c271c5b1d,dfd3ffeb-7204-40aa-afc9-b4abd000c025,-,,KJ Hamler,WR,DEN,2025-05-05
86ab6236-9182-4b29-bb14-bece5c82bc01,979eb0cc-91d9-4848-9fea-87ebfeb4b141,-,,D.J. Montgomery,WR,,2025-05-05
871a0c76-a2be-4b2f-be60-84b1c01783fb,c35897ed-2889-46f3-9aec-64e524a3c694,-,,Dwayne Washington,RB,NO,2025-05-05
8752ad6f-9613-47a0-82cb-489d258ec378,24a71118-d424-410b-be45-3b19e7ea7be2,-,,Myles Gaskin,RB,MIA,2025-05-05
8793c554-810c-4dc2-84a3-753b7d3d6119,1a460d42-fb92-4617-a034-83a815fdee35,-,,Equanimeous St. Brown,WR,CHI,2025-05-05
88578fa7-1b3e-4794-ba0c-99704324fe27,c416383c-a073-4c95-b98d-95f973469ee2,-,,Nyheim Hines,RB,BUF,2025-05-05
886d4072-5090-435c-a427-b9aeed8722a3,6f385718-3d76-4853-9843-d2324108d70f,-,,Marcedes Lewis,TE,,2025-05-05
8972d50c-33de-48cc-8d6f-478aeea7100e,47b54337-699a-4a29-bc6c-7010673d3773,-,,Tom Kennedy,WR,DET,2025-05-05
8a453e5e-5171-4744-8cb4-c1d8502816dc,a8cfff83-1b9b-446a-ae50-1327b5aafd8d,-,,Jahleel Billingsley,TE,,2025-05-05
8aab46e1-e6cc-4d73-8944-672e02b787b3,473028d3-4ab3-4cd4-8b71-a58f80ea8e4e,-,,Dezmon Patmon,WR,BUF,2025-05-05
8b591f38-8459-42ee-9d93-374242194448,cf36add4-e8c2-4e63-a381-3c260485a2a6,-,,Joshua Kelley,RB,LAC,2025-05-05
8bcea92f-a2e2-4f73-aab7-8f2942a34038,3078e236-afe8-4dd2-89eb-df7cd300437d,-,,Kristian Wilkerson,WR,IND,2025-05-05
8bd2dc16-0496-4f52-8e28-920996bc4935,90da1841-01ba-44db-a1b4-4b0ae398f1b1,-,,Cody Thompson,WR,SEA,2025-05-05
8c3d9ce6-0036-4ba1-9aef-180346fca5ff,7f1cf8a9-3ce8-4909-97f1-ca6a599cef35,-,,Malcolm Brown,RB,,2025-05-05
8caa5969-1ae5-4ab4-af49-9974e36be5ff,73cbe66a-097b-4cce-9f88-ab17ffeb6b46,-,,Trayveon Williams,RB,CIN,2025-05-05
8d12f88e-caa2-4050-98db-12890f988127,007f27db-0883-49fb-b11e-6d741346f648,-,,Stephen Anderson,TE,,2025-05-05
8d75acf7-e874-400b-b06e-53019f972d53,8fe5fb02-b5f7-4b73-a89e-4b246cb3026b,-,,Jesper Horsted,TE,LV,2025-05-05
8e0fdbaf-03c6-4898-834d-b746f4367725,1d827b60-fd88-4709-b1a2-7abf44a08163,-,,Nsimba Webster,WR,CHI,2025-05-05
8e8d8137-eda3-4340-a0dc-7df44a23ec60,96040d05-8b75-4b42-8bc5-a6623f0da639,-,,Kendric Pryor,WR,JAX,2025-05-05
8f7cbf27-1770-4f2b-8fc2-30e4dca42304,efc26b9a-4d41-4dc0-8425-7806c1f284d0,-,,Adam Shaheen,TE,,2025-05-05
8fb15541-cdfa-43bb-a286-17428ad7a5fb,392bcba7-0d64-4324-a407-82ca0cc453a4,-,,Patrick Laird,RB,TB,2025-05-05
8fcbe8a9-7bf1-46f1-9bd2-9dca0368fdad,1a783937-492f-47a2-9058-574dc3396d8d,-,,Isaiah Hodgins,WR,NYG,2025-05-05
8fe7194f-fe05-4453-b16c-0b461aa694e7,146c4232-80de-4728-9ffe-dfe4118cd20a,-,,Chris Conley,WR,SF,2025-05-05
9013d568-1f6c-4f8c-be9c-faf8fc420cb1,00f76dc2-5727-4597-817e-ce253c10dc07,-,,Ben Sims,TE,,2025-05-05
904ce683-1f28-40eb-b48b-430a20b98f5b,2ea5b21c-573f-4502-b23e-8ce2a97f1b47,-,,Will Grier,QB,DAL,2025-05-05
905e0a29-bb58-4440-8d67-8ea407a9e927,a9f6b720-1dc6-47e4-8217-714d4b47c829,-,,Hunter Bryant,TE,,2025-05-05
910d68df-bec1-4700-b872-74b275d09c60,342bc747-0b79-41ec-a21a-80328a60dda9,-,,Quintez Cephus,WR,,2025-05-05
912e613b-1e66-48e1-89f2-ab3162f10fa4,bb2ba945-13aa-4e9b-92ac-bef77ea13910,-,,Corey Clement,RB,ARI,2025-05-05
9214848d-ed51-4de1-b968-4e4684e7a431,f875617a-a6f6-4e73-a1bd-1cbec6a368da,-,,Jalen Camp,WR,HOU,2025-05-05
923c10e9-6816-421e-ac8b-f6d0903e6747,d96d2e10-79d6-4ca8-bfb8-383a5a5d4510,-,,Pete Guerriero,RB,,2025-05-05
9280b429-8dc0-45b0-89c0-f7f9fc5225c1,f2933db0-3b5e-44ff-a354-7a06053ea2b9,-,,Michael Thomas,WR,NO,2025-05-05
9294e539-3f9d-43e7-be03-4b529e57981c,5aca3452-c677-4c7b-96dc-36046152cdb8,-,,Cam Akers,RB,LAR,2025-05-05
92d698c5-16fa-488c-a6ae-115e568ae0ec,d09c7110-5c4e-4eb4-8b2b-5c9383bbc0de,-,,Juwann Winfree,WR,,2025-05-05
92e78cf3-cb88-49d2-83a6-a469429d6d3e,8b384832-21b2-4959-9ead-93d75e9c2e60,-,,Xazavian Valladay,RB,HOU,2025-05-05
934af059-7c7d-4290-a437-041f38ec6ac2,462115cd-2271-4331-87ba-908346e8dbac,-,,Anthony Schwartz,WR,CLE,2025-05-05
939cdc2b-6c1a-4e6e-a2a8-6aa3c7b8bc7b,067592f0-6509-4c49-a013-d08e5d512b6a,-,,Jacob Eason,QB,CAR,2025-05-05
93aa3777-4b42-4092-a6fc-f78733aa6601,f4414b00-6ea6-4804-b8cf-df2a5de64ae8,-,,Keith Kirkwood,WR,NO,2025-05-05
93f88c30-4024-4384-bebb-87964b49bdcb,575785ec-d27a-4b99-ba9f-42dcd8b89185,-,,Trey Quinn,WR,,2025-05-05
944f3f90-fc95-4b82-9f9c-5810e07e17f2,e7043ccb-63a0-40b9-83c7-7085da3fb1e2,-,,Boston Scott,RB,PHI,2025-05-05
952d1aad-0808-4252-a7e5-ca5a7440354d,0357a12c-e7e4-47c4-bd88-440f21a6edc0,-,,Gary Brightwell,RB,NYG,2025-05-05
952e851c-17ce-436b-87e7-dcd15c2680fe,831ec2b5-84b8-45c7-8da5-1cc8f4ee1500,-,,Mitchell Wilcox,TE,,2025-05-05
955be92c-56f6-4ba6-9723-2dd0bf4766fd,0337e1e5-e3b9-4dd6-9e84-b9d6237aef6f,-,,Zach Davidson,TE,BUF,2025-05-05
9575f3f5-a7fa-4d72-85d9-884d3f70bf46,35745477-761a-4375-9af6-566ad8cb8167,-,,Tre' McKitty,TE,LAC,2025-05-05
957a3123-e942-406a-9a53-b50eb90ebccd,1616ac66-d8ab-4c79-9598-e0d61242faa7,-,,Rashaad Penny,RB,PHI,2025-05-05
95f0b3e2-92b8-430c-ac2e-d543cac91d28,dbd9f1f7-ce84-4580-b559-240027dddbf7,-,,Brandon Allen,QB,,2025-05-05
